ID,url,exclamation_count,words_to_avoid_count,smart_words_count,h1_count,h2_count, div_count,iframe_count,a_count,img_count,p_count,span_count,button_count,input_count,form_count,script_count,meta_count,link_count,style_count,text_longer_than_50_characters_count,text_longer_than_100_characters_count,text_longer_than_150_characters_count,text_longer_than_200_characters_count,http_references,https_references,total_code_length,ylt_DOMelementsCount,ylt_DOMelementMaxDepth,ylt_scriptDuration,ylt_jsErrors,ylt_cssColors,ylt_cssDuplicatedProperties,ylt_totalWeight,ylt_domains,ylt_compression,ylt_totalRequests,ylt_heavyFonts,ylt_global_score,ylt_badJavascript_score,ylt_jQuery_score,ylt_serverConfig_score
4,https://edition.cnn.com/2021/09/06/asia/taliban-afghanistan-pregnant-policewoman-murder-intl/index.html,13,15,14,1,1,387,4,275,5,89,50,39,2,67,44,61,12,6662,5088,3635,3153,1,43,1391368,27,1818,24,10995,0,112,479,3402031,39,458049,138,36064,13,97,70,40
5,https://edition.cnn.com/2021/09/06/americas/columbus-statue-indigenous-woman-mexico-city-cec/index.html,4,11,0,1,0,210,3,253,7,11,4,2,2,59,44,61,3,2571,2231,1967,1485,1,23,1218772,5,1887,24,9422,0,112,479,3548487,39,458831,134,41216,19,97,70,42
6,https://edition.cnn.com/2021/09/06/entertainment/stanley-tucci-cancer/index.html,8,9,14,1,2,401,4,271,6,90,51,39,2,75,44,63,12,4370,2852,1035,844,2,45,1677485,28,1926,24,6949,0,117,587,4748839,41,598947,163,54200,22,97,70,35
7,https://edition.cnn.com/2021/09/06/world/perseverance-rover-mars-sample-helicopter-scn/index.html,11,11,4,1,1,295,3,256,14,17,5,2,2,77,44,63,14,5319,4572,4203,3667,1,22,1411311,6,1967,24,9686,0,113,542,3988747,42,594764,156,36064,14,97,70,33
8,https://www.bbc.com/news/av/world-asia-india-58498881,10,2,1,1,4,246,1,104,15,203,7,0,0,47,22,4,3,1657,493,379,220,0,55,266009,24,2053,24,1002,0,19,16,1275281,17,49244,56,134516,82,100,100,69
9,https://www.bbc.com/news/world-asia-58495112,25,16,10,1,8,334,0,118,17,151,5,0,0,56,30,4,4,9109,7341,6374,4588,0,71,266709,66,2085,22,967,0,19,19,1484116,14,60651,60,131076,83,100,100,81
10,https://www.bbc.com/news/uk-58507436,34,15,3,1,10,300,1,126,12,141,6,0,0,59,30,4,4,4730,3646,2688,1482,0,73,242706,47,2031,22,824,0,19,20,1138799,16,60647,60,82432,83,100,100,74
11,https://www.bbc.com/news/world-asia-china-58511173,31,12,8,1,10,300,1,114,13,136,5,0,0,59,30,5,4,4534,3558,2157,944,0,69,241425,49,2001,22,684,0,19,21,1146468,16,60775,59,82432,84,100,100,75
12,https://www.bbc.com/news/science-environment-58507100,16,31,5,1,8,292,0,113,18,146,5,0,0,56,30,4,4,6108,4945,3276,2258,0,71,252454,51,2012,22,560,0,19,20,1335932,14,58696,59,159872,85,100,100,81
13,https://www.usmagazine.com/entertainment/pictures/bachelor-in-paradise-couples-that-are-still-together-pics/,19,11,18,1,0,347,5,133,42,196,53,24,0,59,35,29,6,9965,6168,4253,4087,0,149,451042,49,682,0,1295,0,137,56,1485230,14,321073,63,0,76,99,100,94
14,https://www.usmagazine.com/entertainment/news/cheryl-burke-calls-out-harsh-dwts-judges-amid-covid-recovery/,25,19,18,1,0,344,5,136,42,196,53,24,0,57,35,30,6,10257,6201,4505,3612,0,154,397308,52,1158,15,1338,0,134,46,1468310,14,316683,62,0,76,99,100,94
15,https://www.usmagazine.com/entertainment/pictures/matt-damon-and-ben-afflecks-bromance-2012279/,20,19,19,1,0,347,5,130,42,196,53,24,0,59,35,29,6,9495,5645,3720,3720,0,146,483088,49,1154,14,1314,0,137,56,1471078,14,321873,63,0,76,99,100,94
16,https://www.usmagazine.com/entertainment/news/dwts-jojo-siwa-details-extreme-personal-problem-amid-disney-week/,23,21,20,1,0,345,5,138,43,198,53,24,0,57,34,30,6,9972,5476,3484,3328,0,156,400104,53,1172,15,1324,0,134,46,1464904,14,315402,62,0,76,99,100,94
17,https://www.usmagazine.com/entertainment/pictures/bridgerton-season-2-everything-we-know-so-far/,15,26,18,1,0,346,5,132,42,197,53,24,0,59,35,29,6,10267,6196,4151,3659,0,148,521514,50,1164,14,1335,0,137,56,1449712,15,325707,63,0,75,99,100,94
18,https://edition.cnn.com/2021/09/06/asia/tse-chi-lop-sunblock-intl-hnk-dst/index.html,61,88,27,1,1,445,4,294,12,87,50,39,2,65,44,62,15,28432,26059,22682,19000,1,61,1434125,26,1520,21,1542,1,113,489,3735402,28,398429,80,35992,51,86,70,65
19,https://www.bbc.com/news/av/technology-58488235,9,1,1,1,4,282,1,110,18,237,7,0,0,47,22,4,3,1895,110,0,0,1,56,294624,26,2173,24,324,0,19,15,1286022,17,52355,58,184224,83,100,100,68
20,https://www.bbc.com/news/world-asia-58502199,44,36,5,1,13,325,0,117,15,146,5,0,0,56,30,5,3,8216,7192,6719,5706,0,74,256574,55,2065,22,417,0,19,21,1265802,14,62234,57,159872,85,100,100,81
21,https://www.bbc.com/news/world-asia-58477131,23,56,10,1,6,258,0,83,14,94,5,0,0,51,30,5,3,15517,14077,11991,9061,0,61,252784,80,750,18,98,0,19,19,1066559,8,58236,33,110164,92,100,100,82
22,https://www.bbc.com/news/av/world-us-canada-58509703,5,1,2,1,4,258,1,111,16,220,7,0,0,47,22,4,3,1476,178,178,0,0,55,275937,22,2105,24,341,0,19,16,1332606,17,51997,57,211956,83,100,100,69
23,https://www.bbc.com/news/world-europe-58510192,15,14,3,1,8,243,0,111,13,132,5,0,0,56,30,4,3,1894,1209,842,661,0,65,214243,30,1906,22,294,0,19,19,1067942,14,57256,57,159872,86,100,100,80
24,https://www.bbc.com/sport/tennis/58511033,93,56,26,5,69,1671,11,256,29,640,197,95,2,174,24,22,53,21485,14934,9894,4961,2,96,2024050,92,4280,1,1951,0,180,568,3254634,34,335454,136,170372,-1,-116,100,49
25,https://www.usmagazine.com/entertainment/news/pieper-james-is-dating-brendan-morais-still-questioning-his-actions/,14,44,19,1,0,344,5,135,43,199,53,24,0,56,34,29,6,11235,7565,5637,5637,0,152,401437,50,1155,15,555,0,134,46,1411940,14,300638,62,0,80,99,100,95
26,https://www.usmagazine.com/entertainment/news/jesse-palmer-seemingly-confirms-clayton-echard-is-season-26-bachelor/,21,22,20,1,0,340,5,140,42,198,53,24,0,56,35,29,6,10033,6110,3969,3769,0,157,394182,52,1158,15,576,0,134,46,1449703,14,297915,61,0,80,99,100,95
27,https://www.usmagazine.com/entertainment/pictures/sister-wives-season-16-everything-to-know/,17,22,18,1,0,346,5,132,42,198,53,24,0,59,35,29,6,9441,5568,4022,3711,6,142,418572,50,1146,14,570,0,137,56,1411015,15,300263,63,0,79,99,100,94
28,https://www.usmagazine.com/entertainment/news/kyle-richards-rhobh-reunion-and-michael-myers-are-terrifying/,20,23,18,1,0,344,5,144,43,200,53,24,0,57,34,30,6,9891,6221,4348,4034,0,162,399945,51,1188,15,1684,0,134,46,1417645,15,296428,63,0,72,99,100,94
29,https://www.usmagazine.com/entertainment/pictures/game-of-thrones-prequel-series-everything-we-know/,21,15,18,1,0,346,5,133,42,198,53,24,0,59,35,29,6,9572,5784,3997,3120,0,149,436065,51,1179,14,1481,0,137,56,1421271,15,301410,63,0,73,99,100,93
30,https://www.usmagazine.com/entertainment/pictures/ivan-hall-shares-new-bachelor-in-paradise-secrets/,14,30,19,1,0,346,5,131,42,198,53,24,0,59,34,29,6,10251,6427,4412,4226,0,147,419411,52,1159,14,1339,0,137,56,1404652,15,300906,63,0,75,99,100,94
31,https://www.usmagazine.com/entertainment/news/kenya-moore-thought-she-broke-her-ribs-during-dwts-disney-week/,22,24,19,1,0,344,5,138,43,200,53,24,0,57,34,30,6,9842,6118,3660,3503,0,156,396301,51,1177,15,1241,0,134,46,1477285,15,296477,63,0,76,99,100,94
32,https://www.usmagazine.com/entertainment/pictures/stranger-things-season-4-everything-we-know-so-far/,17,23,18,1,0,346,5,133,42,198,53,24,0,59,35,29,6,10168,6217,4279,4087,0,149,447887,53,1165,14,1350,0,137,56,1456936,15,301809,63,0,75,99,100,94
33,https://www.usmagazine.com/entertainment/news/rhobh-provided-a-lot-of-evidence-against-erika-jayne-lawyer-says/,21,40,18,1,0,343,5,135,42,197,53,24,0,57,35,30,6,11228,7549,5757,5386,0,153,397588,50,1153,15,1371,0,134,46,1465966,15,297040,62,0,76,99,100,94
34,https://www.usmagazine.com/entertainment/pictures/scream-5-everything-we-know-about-the-upcoming-slasher-film/,17,23,20,1,0,346,5,130,42,198,53,24,0,59,35,29,6,9667,6158,4374,3504,0,146,440871,51,1163,14,1190,0,137,56,1409494,15,301376,63,0,76,99,100,94
35,https://www.usmagazine.com/entertainment/news/dwts-fans-react-to-matt-james-lindsay-arnolds-confusing-exit/,25,14,18,1,0,344,5,148,43,199,53,24,0,57,35,30,6,9634,5508,3728,3362,0,166,396901,52,1186,15,1365,0,134,46,1596209,15,289207,62,0,76,99,100,94
36,https://www.usmagazine.com/entertainment/pictures/greys-anatomy-scott-speedman-returns-full-time-after-season-14-role/,30,23,18,1,0,346,5,131,42,197,53,24,0,59,35,29,6,10829,6683,4502,4166,0,147,424971,53,1159,14,1391,0,137,56,1407090,15,301718,63,0,75,99,100,94
37,https://www.usmagazine.com/entertainment/pictures/rhobh-season-11-reunion-erika-jayne-revelations/,20,18,18,1,0,346,5,129,42,197,53,24,0,59,35,29,6,10067,6381,4723,3882,0,145,465220,47,665,0,1492,0,137,56,1410908,15,302168,63,0,74,99,100,94
38,https://www.usmagazine.com/stylish/news/these-5-fits-will-give-you-an-instant-boost-of-confidence/,29,12,18,1,0,344,4,174,45,206,53,24,0,54,34,30,6,8760,5069,3307,3120,57,136,367925,84,1225,15,1300,0,142,47,1533814,13,311931,64,0,75,99,100,95
39,https://www.usmagazine.com/stylish/news/kate-middleton-rewears-green-erdem-coat-at-generation-earthshot-event/,21,12,20,1,0,343,5,130,43,217,53,24,0,56,35,32,6,10416,6392,4615,4434,0,150,396221,47,1149,15,1409,0,142,47,1458633,14,314293,64,0,74,99,100,95
40,https://www.usmagazine.com/stylish/pictures/olivia-wilde-is-absolutely-in-favor-of-freeing-the-nipple/,19,32,20,1,0,353,5,136,41,205,53,24,0,59,35,32,6,10716,7069,5531,4807,0,155,422552,49,1152,14,1160,0,145,57,1426985,15,318890,65,0,75,99,100,94
41,https://www.usmagazine.com/stylish/pictures/brielle-biermanns-hottest-bikini-moments-pics/,25,17,19,1,0,352,4,128,40,196,53,24,0,57,35,31,6,9848,5987,4305,3971,0,146,441727,48,1127,14,2084,0,145,57,1437687,13,316563,63,0,71,99,100,95
42,https://www.usmagazine.com/stylish/news/jamie-lee-curtis-honors-late-mom-in-psycho-costume-for-halloween-kills-premiere/,27,17,19,1,0,367,5,134,42,215,53,24,0,55,35,31,6,10255,6177,4000,3827,0,153,366489,51,1184,16,1481,0,142,47,1444855,14,312241,64,0,74,99,100,95
43,https://www.nytimes.com/2021/10/14/world/europe/norway-bow-and-arrow-attack.html,4,3,3,1,2,137,9,58,1,42,13,5,1,82,74,22,12,3063,2576,2121,1940,1,53,424976,20,582,0,4266,0,183,44,3209191,40,636076,142,0,34,73,100,57
44,https://www.nytimes.com/2021/10/13/us/politics/jeffrey-clark-subpoena.html,5,2,1,1,2,137,9,60,1,41,13,5,1,79,79,22,12,3354,2773,2418,2254,1,55,373469,20,567,0,3569,0,182,44,3068810,41,633850,137,0,36,73,100,60
45,https://www.nytimes.com/live/2021/10/14/business/news-business-stock-market,10,71,24,1,10,307,5,110,2,109,36,1,0,84,53,21,59,22322,19334,15620,13204,1,98,1016381,106,1111,27,1971,0,132,51,7390861,35,292689,141,0,40,97,100,57
46,https://www.nytimes.com/2021/10/13/movies/selma-blair-documentary-multiple-sclerosis.html,4,7,2,1,2,142,8,55,2,47,15,5,1,83,77,24,41,3200,2712,2256,2256,1,53,683489,21,542,0,1256,0,124,37,3288851,38,550401,118,0,61,97,100,68
47,https://www.nytimes.com/2021/10/14/world/asia/taiwan-apartment-fire.html,5,2,2,1,2,181,8,66,3,54,21,6,1,85,73,25,59,3158,2676,2362,2180,1,64,652572,21,664,0,1643,0,188,44,4240470,40,535899,153,0,37,73,100,52
48,https://www.nytimes.com/2021/10/13/sports/football/jon-gruden-nfl-endorsements.html,5,5,2,1,1,139,9,59,8,38,10,5,1,83,79,22,12,3601,3086,2736,2554,2,58,390228,20,558,0,1712,0,125,41,9496818,48,553639,145,0,27,84,100,53
49,https://www.nytimes.com/article/uk-northern-ireland-protocol-eu.html,7,38,5,1,8,187,12,53,2,39,13,5,1,72,66,22,6,7986,7193,6585,4481,1,51,443379,38,687,0,1885,0,174,47,3730968,42,836563,160,0,30,72,100,59
50,https://www.nytimes.com/2021/10/13/climate/biden-offshore-wind-farms.html,5,2,2,1,2,138,9,58,2,41,13,5,1,82,78,22,12,3308,2809,2712,2556,1,53,346095,20,384,1,1412,0,182,44,3030395,42,518473,146,0,44,73,100,55
51,https://www.nytimes.com/2021/10/13/upshot/of-four-family-policies-in-democrats-bill-which-is-most-important.html,7,0,1,1,2,142,9,71,2,56,13,5,1,86,82,24,13,2953,2649,2322,1940,1,67,518198,20,623,0,1471,0,189,53,3552485,41,629573,150,0,39,73,100,60
52,https://www.nytimes.com/2021/10/14/opinion/covid-human-challenge-trial.html,7,4,1,1,1,132,9,57,1,36,10,5,1,83,78,24,12,2893,2541,2541,2541,1,57,399074,21,362,1,1362,0,190,50,3241571,38,518804,133,0,42,73,100,60
53,https://www.nytimes.com/2021/10/13/business/social-security-cola.html,4,1,1,1,1,129,8,57,1,37,10,5,1,82,77,22,12,2906,2421,1940,1940,1,56,396967,20,555,0,1703,0,122,44,9835767,46,605892,140,0,28,84,100,59
54,https://www.nytimes.com/2021/10/13/business/economy/september-2021-cpi-inflation.html,4,1,2,1,2,144,10,60,2,41,13,5,1,88,78,24,13,3281,2867,2770,2423,2,57,465232,22,592,0,1651,0,197,57,3627818,42,620706,154,0,34,73,100,53
55,https://www.nytimes.com/live/2021/10/14/world/covid-delta-variant-vaccine,34,148,17,1,26,796,6,238,13,280,90,4,0,95,53,58,61,56349,47044,39705,30211,3,243,2337248,262,1892,1,1847,0,150,48,7258516,35,460761,208,0,20,98,100,47
56,https://www.nytimes.com/2021/10/13/us/black-americans-vaccine-tuskegee.html,5,2,1,1,2,162,9,65,1,59,17,5,1,87,78,24,42,3127,2656,2559,2196,1,61,645334,20,473,1,1536,0,189,50,3342670,39,542268,146,0,41,73,100,59
57,https://www.nytimes.com/2021/10/12/sports/hockey/nhl-ovechkin-capitals-gretzky-goals.html,6,1,2,1,1,130,9,54,2,36,10,5,1,80,73,20,12,2879,2537,2311,2152,1,51,399903,21,555,0,1584,0,125,40,8927392,48,551797,147,0,31,84,100,53
58,https://www.wsj.com/articles/gas-shortage-forces-power-plants-to-switch-to-oil-boosting-demand-11634200084?mod=hp_lead_pos2,8,5,0,1,6,283,7,83,17,73,14,0,0,83,96,54,7,1981,723,585,236,0,127,660084,5,2019,0,1880,0,189,33,3712329,44,224942,142,126579,49,96,100,49
59,https://www.wsj.com/articles/us-inflation-consumer-price-index-september-2021-11634074529?mod=hp_lead_pos3,6,4,1,1,6,332,9,84,18,76,21,0,0,85,99,54,7,2340,1254,991,467,0,128,671097,5,2127,0,1935,0,189,34,4063497,44,177740,147,126579,46,96,100,48
60,https://www.wsj.com/articles/l-a-port-to-operate-around-the-clock-to-ease-cargo-logjams-white-house-says-11634115601?mod=hp_lead_pos4,7,4,1,1,6,334,9,81,18,74,23,0,0,86,98,54,7,2189,1012,774,464,0,123,674212,5,2148,0,2030,0,189,34,4065735,44,177276,147,126579,46,96,100,45
61,https://www.wsj.com/articles/johnson-johnson-covid-19-booster-shot-bolsters-immune-defense-fda-staff-say-11634137515?mod=hp_lead_pos6,10,5,0,1,6,343,9,90,18,81,23,0,0,87,99,55,7,2109,878,740,244,0,135,684422,5,2167,0,2061,0,194,34,4154812,44,194155,150,126579,45,96,100,41
62,https://www.wsj.com/articles/covid-19-vaccine-mandate-fight-between-texas-and-biden-has-companies-caught-in-the-middle-11634073605?mod=hp_lead_pos7,8,7,0,1,6,345,9,94,18,85,23,0,0,87,99,55,7,2371,997,755,253,0,137,688116,5,2176,0,2046,0,194,34,4287458,44,267615,150,126579,45,96,100,47
63,https://www.wsj.com/articles/gymnastics-stars-call-for-ouster-of-u-s-olympic-directors-11634160090?mod=hp_lead_pos12,12,2,0,1,6,341,9,91,18,83,21,0,0,87,96,55,7,2246,1112,689,539,0,136,682967,5,2156,0,1999,0,194,34,4171737,44,193629,148,126579,46,96,100,45
64,https://www.wsj.com/articles/effort-to-bar-tech-companies-from-self-preferencing-gains-traction-11634202000?mod=hp_lead_pos11,7,7,2,1,6,334,9,83,18,77,21,0,0,85,96,54,7,2375,1245,990,840,0,126,674008,5,2132,0,2002,0,189,34,4133122,44,178862,148,126579,46,96,100,47
65,https://www.wsj.com/articles/bow-arrow-attack-norway-kongsberg-11634159197?mod=hp_lead_pos13,6,3,0,1,6,283,7,82,17,73,14,0,0,83,93,54,7,1822,606,337,0,0,126,655815,5,2009,0,1822,0,189,33,3670302,44,170877,142,126579,50,97,100,49
66,https://www.wsj.com/articles/u-s-canada-borders-full-opening-in-november-spurs-travel-plans-11634164800?mod=hp_featst_pos4,7,3,0,1,6,336,9,87,18,80,23,0,0,85,99,54,7,2351,1073,935,482,0,129,674999,5,2148,0,1947,0,189,34,4117643,44,179282,148,126579,46,96,100,47
67,https://www.wsj.com/articles/jon-gruden-emails-dan-snyder-bruce-allen-11634167159?mod=hp_featst_pos5,6,6,2,1,6,287,7,87,17,77,16,0,0,83,95,54,7,2243,1114,976,826,0,129,662349,5,2035,0,1903,0,189,33,3721612,44,250986,142,126579,49,97,100,49
68,https://www.wsj.com/articles/netflix-employee-group-calls-for-walkout-amid-tensions-over-dave-chappelle-show-11634169211?mod=hp_featst_pos3,6,5,0,1,6,332,9,83,18,76,21,0,0,84,97,54,7,2503,1280,1142,824,0,127,673787,5,2247,1,2152,0,191,34,4473007,46,277849,155,126579,43,96,100,44
69,https://www.wsj.com/articles/apple-studying-potential-of-airpods-as-health-device-11634122800?mod=hp_lista_pos3,7,4,0,1,6,285,7,84,17,74,14,0,0,83,95,54,7,2037,888,630,480,0,127,660718,5,2019,0,1838,0,189,33,3653991,44,171009,142,126579,50,97,100,49
70,https://www.wsj.com/articles/jpmorgan-profit-jumps-on-reserve-release-11634123662?mod=hp_lista_pos2,8,7,0,1,6,283,7,85,17,73,14,0,0,83,96,54,7,1944,794,149,0,0,129,658613,5,2013,0,1815,0,189,33,3679099,44,171051,142,126579,50,97,100,49
71,https://www.wsj.com/articles/elizabeth-holmes-trial-retailers-vetted-theranos-without-testing-devices-11634164818?mod=hp_lista_pos1,12,3,1,1,6,332,9,83,18,76,21,0,0,85,98,54,7,2323,1176,911,608,0,127,674154,5,2135,0,2085,0,189,34,4047898,44,178469,147,126579,46,96,100,42
72,https://www.wsj.com/articles/australian-miner-places-2-billion-copper-bet-on-green-energy-transition-11634195429?mod=hp_lista_pos4,8,6,4,1,6,283,7,82,17,73,14,0,0,83,92,54,7,2413,1286,909,759,0,126,662359,5,1946,1,1902,0,189,33,3678783,44,172570,143,126579,51,97,100,49
73,https://www.thesun.co.uk/news/16413005/salt-bae-accused-of-deleting-reviews/,21,16,2,1,4,319,2,120,37,98,0,3,2,71,34,29,15,5532,2824,1644,451,3,91,192960,33,575,16,699,0,152,14,1335342,19,109565,99,0,86,99,100,82
74,https://www.thesun.co.uk/news/16388567/euromillions-results-lottery-lotto-uk-jackpot-draw-numbers-ticket/,39,43,4,1,4,389,4,143,36,135,1,3,2,77,34,34,15,11948,6942,2495,947,3,93,338293,96,881,0,846,0,160,16,1567353,22,121685,106,0,84,99,100,77
75,https://www.thesun.co.uk/fabulous/16405482/royal-family-latest-news-meghan-harry-queen-net-worth/,36,54,8,1,4,394,4,168,39,140,1,3,2,77,34,35,15,18369,13001,7351,1958,4,114,401608,129,1145,0,875,0,160,16,1542647,22,121111,106,0,84,99,100,81
76,https://www.thesun.co.uk/fabulous/16319730/meghan-markle-prince-harry-latest-news-net-worth-archie/,35,54,7,1,4,392,4,171,39,140,1,3,2,77,34,35,15,18131,12713,7195,1984,4,117,403304,127,1134,0,876,0,160,16,1317711,21,120207,105,0,84,99,100,82
77,https://www.thesun.co.uk/news/16414420/norway-bow-and-arrow-death-toll-kongsberg-terror-video/,30,37,3,1,4,391,4,136,37,140,1,3,2,77,34,35,15,12364,8035,3901,872,3,84,333196,91,839,0,777,0,160,16,1325431,21,120211,105,0,85,99,100,82
78,https://www.thesun.co.uk/tech/16416811/instagram-down-latest-login-app-not-working-snapchat-facebook/,46,62,5,1,4,395,5,167,36,139,1,3,2,78,34,37,15,11381,5374,1824,433,3,114,361406,100,932,3,892,0,160,16,1680101,24,156235,126,0,80,99,100,71
79,https://www.thesun.co.uk/tv/16393522/strictly-come-dancing-latest-robert-webb-katie-mcglynn/,103,50,6,1,4,388,4,170,36,133,1,3,2,77,34,35,15,14496,9562,4587,1937,4,118,361386,119,895,0,793,0,160,16,1319700,21,122263,106,0,84,99,100,82
80,https://www.thesun.co.uk/tv/16411710/im-a-celebrity-change-new-series/,26,11,1,1,4,355,3,123,43,109,0,3,2,72,34,30,15,4137,1287,627,464,3,84,225508,19,627,21,738,0,179,18,1328753,18,108910,104,0,84,99,100,82
81,https://www.thesun.co.uk/health/16415806/gps-name-and-shame-list-nhs/,39,26,11,1,5,321,2,115,35,91,0,3,2,71,34,29,15,7178,4074,1899,433,3,89,189634,44,559,16,701,0,152,14,1175173,18,108697,98,0,86,99,100,82
82,https://www.thesun.co.uk/health/16411985/online-calculator-predicts-risk-catching-incurable-stis-uk/,34,24,1,1,6,369,2,128,42,117,0,3,2,71,34,31,15,7070,3516,1641,0,4,87,238452,43,683,21,732,0,179,18,1286791,18,108696,102,0,84,99,100,82
83,https://www.thesun.co.uk/news/16413248/meghan-harry-know-zero-finance-new-banking-job/,29,21,2,1,4,353,2,125,42,112,0,3,2,71,34,29,15,5881,2620,1776,753,5,85,229774,27,640,21,734,0,178,18,1201504,18,123802,100,0,83,99,100,82
84,https://www.thesun.co.uk/sport/betting-tips/15530745/sun-bingo-welcome-offer-bonus-free-spins-join/,26,9,5,1,5,349,2,125,40,108,0,3,2,71,34,27,15,3977,889,609,446,5,86,223350,16,638,21,702,0,172,16,1650045,19,123345,101,0,84,99,100,82
85,https://www.theguardian.com/world/live/2021/nov/24/more-than-20-people-believed-to-have-died-after-refugee-boat-sinks-in-channel-latest-updates,59,59,27,1,4,268,3,252,10,241,20,6,1,23,146,25,4,17371,13498,10711,8564,1,236,939296,62,1536,21,354,0,229,147,1307059,10,91232,78,0,59,100,100,82
86,https://www.theguardian.com/world/2021/nov/24/german-parties-agree-coalition-deal-to-make-olaf-scholz-chancellor,19,17,10,1,3,147,3,150,3,56,3,14,0,39,36,25,6,8308,7625,7384,6692,1,65,257812,33,621,2,340,0,79,56,1034145,8,60301,65,0,69,100,100,84
87,https://www.theguardian.com/world/2021/nov/24/bosnia-and-surrounding-region-still-heading-for-crisis-says-top-official,7,13,5,1,3,164,3,153,4,54,3,14,0,41,36,25,6,6166,5410,4644,3972,2,64,259390,26,640,2,329,0,79,62,1059778,9,60532,69,0,69,100,100,84
88,https://www.theguardian.com/world/2021/nov/24/roman-abramovich-wins-first-round-of-libel-battle-over-putins-people-book,5,15,2,1,3,147,3,153,3,54,3,14,0,39,36,25,6,6771,6216,5197,4534,1,65,256829,31,622,2,317,0,79,56,1020040,8,59964,65,0,70,100,100,84
89,https://www.theguardian.com/world/2021/nov/24/amazon-gold-rush-madeira-river-environmentalists,2,14,7,1,3,156,3,157,5,56,3,14,0,41,36,25,6,5857,4899,3998,3338,1,70,266497,29,659,2,332,0,79,62,1131894,9,61944,71,0,66,100,100,84
90,https://www.theguardian.com/world/2021/nov/24/swedens-first-female-prime-minister-resigns-after-less-than-12-hours,3,10,3,1,3,149,4,144,3,52,3,13,0,43,36,25,6,5822,5415,4619,3172,1,60,251287,31,1036,11,749,0,174,61,1886106,15,60184,84,0,56,99,100,82
91,https://www.theguardian.com/politics/2021/nov/24/boris-johnson-accused-of-flouting-request-to-wear-mask-at-theatre,4,8,3,1,3,146,3,151,3,54,2,14,0,39,36,25,6,5455,4921,3953,3311,1,67,254525,25,612,2,318,0,79,56,1014056,8,59978,65,0,70,100,100,84
92,https://www.theguardian.com/uk-news/2021/nov/24/former-soldier-charged-murdering-couple-somerset-home,4,3,1,1,2,118,3,142,3,36,1,8,0,39,37,25,6,3351,2904,1959,461,1,60,250917,21,620,2,314,0,79,58,982917,8,57269,59,0,70,100,100,85
93,https://www.theguardian.com/world/2021/nov/24/belgian-court-awards-damages-to-couple-who-had-twins-after-ivf-mix-up,7,10,3,1,3,146,3,148,3,54,3,14,0,39,36,25,6,5509,5189,4455,4118,1,62,253085,25,608,2,324,0,79,56,1016092,8,60253,65,0,69,100,100,84
94,https://www.theguardian.com/us-news/2021/nov/24/ahmaud-arbery-murder-georgia-reaction,9,12,0,1,3,161,7,157,4,50,3,13,0,47,37,25,6,6873,6144,4958,3244,1,69,260774,37,1077,0,884,0,175,68,2534586,20,106637,105,0,52,99,100,73
95,https://www.theguardian.com/world/2021/nov/24/ahmaud-arbery-murder-trial-reveals-racism-us,7,13,8,1,7,153,4,164,4,59,3,14,0,43,36,25,6,8859,8052,6845,5294,1,77,268210,42,979,0,693,0,176,69,2037584,16,126682,83,0,58,99,100,82
96,https://www.espn.com/nba/story/_/id/32701015/the-ever-tinkering-boston-celtics-rocky-road-back-nba-finals-contention,49,71,34,18,8,682,8,510,71,584,80,35,2,57,43,33,3,27424,23380,17875,14293,37,220,557062,200,4556,0,4298,0,245,82,5030807,27,377400,134,0,28,36,70,47
97,https://www.espn.com/nba/story/_/id/32704342/luka-doncic-returns-triple-double-dallas-mavericks-fend-la-clippers-win-ot,43,54,27,16,7,555,5,459,64,469,51,28,1,52,42,33,2,21210,18278,14412,11578,40,192,487309,149,3894,0,3577,0,221,81,4129088,18,300593,116,0,37,38,70,58
98,https://www.espn.com/nba/story/_/id/32701112/golden-state-warriors-klay-thompson-participates-first-full-team-practice-acl-achilles-injuries,46,69,34,16,8,684,8,463,67,583,80,35,2,57,43,33,3,22778,19665,15961,14381,38,191,544270,152,4407,0,4236,0,245,82,4978234,29,377875,137,0,28,36,70,46
99,https://www.politico.eu/article/future-german-government-to-present-coalition-deal-this-afternoon/,67,8,6,1,6,187,6,241,10,70,11,12,2,49,33,25,2,9171,5022,3938,2717,0,174,223239,37,1038,17,699,0,199,2200,1497208,27,101021,76,25520,71,87,100,64
100,https://www.politico.eu/article/swedish-pm-magdalena-andersson-resigns-hours-after-taking-job/,54,10,3,1,6,179,6,227,10,74,11,12,2,48,33,24,2,6741,2966,1788,1164,0,159,213827,25,1004,17,678,0,199,2200,1544776,27,100831,78,25520,71,87,100,64
101,https://www.politico.eu/article/migrant-crisis-france-uk-calais-north-sea-channel-boris-johnson/,57,16,6,1,6,183,6,242,10,76,11,12,2,49,34,24,2,8816,4874,3212,2372,0,174,222343,35,1039,17,733,0,199,2200,1670786,28,101073,80,25520,69,87,100,60
102,https://www.politico.eu/article/austria-schallenberg-far-right-anti-vaxxers/,62,21,8,1,7,213,6,257,10,87,11,12,2,51,33,25,2,13153,8972,7542,4293,0,189,233986,47,1123,17,719,0,199,2200,1546504,28,100834,76,25520,71,87,100,64
103,https://www.politico.eu/article/ecb-union-seeks-bigger-pay-hike-in-face-of-inflation/,71,19,5,1,7,197,6,244,10,91,11,12,2,48,33,24,2,7232,3206,2064,1944,0,176,219579,25,1070,17,708,0,199,2200,1649731,27,101038,78,25520,71,87,100,64
104,https://www.politico.eu/article/flying-solo-technology-takes-aim-at-co-pilots/,70,35,13,1,7,216,6,246,10,89,11,12,2,52,33,25,2,13406,9261,7331,5813,0,178,232232,54,1128,17,754,0,199,2200,1564368,28,99982,78,25520,67,87,100,60
105,https://www.politico.eu/article/china-artificial-intelligence-ai-ban-social-scoring-united-nations-unesco-ethical-ai/,77,16,7,1,8,202,6,250,10,88,11,12,2,49,33,24,2,8330,4268,2996,2177,0,182,226428,31,1086,17,714,0,199,2200,1753128,28,103882,80,41488,69,87,100,64
106,https://www.politico.eu/article/motorcycles-european-comission-eu-germany-uk-zero-emission-engine/,63,24,12,1,7,217,6,265,10,91,11,12,2,51,33,25,2,12063,7968,5981,5100,0,197,236010,45,1137,17,708,0,199,2200,1497319,27,100348,76,25520,70,87,100,64
107,https://www.politico.eu/article/eu-dma-zalando-silicon-valley-european-tech-vestager/,89,28,6,1,7,209,6,262,10,88,11,12,2,50,33,25,2,11588,7662,6163,5362,0,195,235573,41,1118,17,690,0,199,2200,1724875,27,101043,75,25520,70,87,100,64
108,https://www.politico.eu/article/harvest-cap-eu-farm-reform/,83,46,15,1,7,219,6,263,10,90,11,12,2,51,33,25,2,13177,8712,7207,5624,0,195,238067,49,1141,17,733,0,199,2200,1799545,28,99982,88,35972,67,87,100,65
109,https://people.com/celebrity/star-tracks-wednesday-october-13-2021/,205,28,11,1,224,4003,3,1009,484,3023,356,11,2,69,36,40,5,38258,25459,13853,7161,6,876,2326459,216,13635,0,5544,2,164,135,21210098,103,354699,262,0,-122,59,100,-50
110,https://people.com/tv/howie-mandel-home-doing-better-after-fainting/,14,19,3,1,17,563,11,289,87,317,45,15,2,75,38,40,5,8037,5987,4264,3066,6,261,536357,27,2281,0,2733,2,182,142,91771521,114,348187,326,0,-378,59,100,-67
111,https://people.com/food/rachael-ray-says-shes-grateful-for-being-alive-after-house-fire-and-apartment-flood/,16,32,4,1,17,562,7,290,87,317,45,15,2,71,38,40,5,9260,6972,4840,3837,6,262,538385,29,2011,0,2132,2,164,136,45782799,69,280128,206,0,-144,84,100,30
112,https://people.com/tv/netflix-you-renewed-season-four/,27,20,2,1,17,512,9,290,79,316,47,12,2,63,36,40,4,7749,4925,4307,3976,6,261,453792,25,2469,0,2154,2,234,148,3639763,104,313503,255,0,23,83,100,-51
113,https://people.com/crime/larry-miller-chairman-of-jordan-brand-opens-up-about-killing-a-man-as-a-teenager/,9,32,2,1,16,499,3,281,78,310,44,11,2,67,36,40,4,8624,6662,4982,3368,6,253,475686,28,2077,1,1705,2,140,134,2848081,97,240787,239,0,32,59,100,-39
114,https://people.com/tv/emma-kenney-claims-shameless-set-became-a-more-positive-place-after-emmy-rossum-exit/,20,27,4,1,17,549,9,293,87,319,47,13,2,68,37,40,5,9571,7416,5137,4172,7,264,512566,30,2118,0,2148,2,169,135,53620225,103,286484,256,0,-193,71,100,-48
115,https://people.com/parents/matt-damon-says-he-knew-every-word-at-harry-styles-concert-with-daughters/,17,26,2,1,17,531,9,291,82,312,45,13,2,67,37,40,5,8361,6556,4236,3138,6,263,500774,27,2093,0,2589,2,166,135,19432841,71,283323,219,0,-51,-74,100,24
116,https://people.com/home/the-dark-history-behind-brittany-murphys-home-plus-what-happened-to-it-after-she-died-there/,23,36,10,1,17,621,7,301,101,316,52,15,2,69,38,40,5,11172,9141,7341,5486,6,273,539277,38,2284,0,2542,2,169,136,69569257,77,286346,234,0,-262,59,100,5
117,https://people.com/tv/rhobh-reunion-erika-girardi-says-show-is-her-main-source-of-income/,26,20,3,1,17,540,9,293,84,318,46,13,2,70,37,40,5,8172,6246,4568,3581,6,265,531682,29,2077,0,2021,2,169,135,33871968,69,283371,194,0,-91,71,100,33
118,https://people.com/tv/howie-mandel-rushed-to-hospital-after-fainting-report/,20,15,3,1,17,541,7,288,84,317,46,13,2,67,37,40,5,8236,5828,3914,2851,6,260,502424,28,2163,0,2168,2,201,444,40536303,75,294263,224,0,-127,71,100,23
119,https://people.com/country/clint-black-lisa-hartman-black-celebrate-30-year-wedding-anniversary/,20,44,7,1,17,571,9,298,95,325,47,11,2,66,36,40,4,12440,10004,7749,6600,6,267,504233,42,2982,0,2941,2,234,144,4912892,104,241792,287,0,5,-20,100,-48
120,https://people.com/tv/katie-couric-on-being-shocked-by-matt-lauer-behavior-seemed-so-callous/,30,41,6,1,17,611,6,315,104,338,50,13,2,68,37,40,5,12042,9421,7300,6119,7,283,540566,40,2389,0,2962,2,173,139,50511531,109,298401,286,0,-201,-59,100,-62
121,https://people.com/parents/me-becoming-mom-podcast-how-to-listen/,18,12,2,1,17,496,4,285,78,313,45,11,2,64,36,40,4,8071,6442,4342,4041,6,257,449851,23,1953,0,1894,2,135,134,3307453,70,254107,227,0,40,53,100,30
122,https://people.com/tech/apple-airpods-pro-early-holiday-2021-sale-amazon/,8,15,6,1,17,523,3,312,97,330,47,11,2,65,35,39,3,7700,5936,4299,4091,6,282,507749,21,1979,1,1709,2,133,134,2381739,87,231805,201,0,42,84,100,-25
123,https://people.com/sports/amazon-sports-fanshop-merchandise/,37,13,4,1,18,642,3,362,108,353,54,11,2,62,35,39,3,7550,5688,3960,3486,6,322,536244,26,2433,1,2399,3,137,134,2806592,93,240165,242,0,26,44,100,-31
124,https://people.com/parents/katharine-mcphee-takes-village-to-raise-baby-exclusive/,15,48,2,1,17,550,3,303,95,328,47,11,2,64,36,40,4,9325,7054,5445,4534,6,272,472892,28,2199,1,2247,2,138,134,3484139,100,245747,259,0,10,-27,100,-46
125,https://people.com/lifestyle/best-weekend-sales-8-october-2021/,12,18,5,1,23,770,3,363,129,362,43,11,2,63,35,39,3,8101,5857,4154,3298,6,327,527965,31,2434,0,2008,2,135,134,2523574,59,232204,174,0,36,-2,100,41
126,https://people.com/lifestyle/amazon-kn95-face-mask-deals-october-2021/,7,12,2,1,16,528,4,319,97,330,47,11,2,63,35,39,3,8216,6237,4618,4091,6,289,487103,23,2067,0,2117,2,135,134,2544282,61,232458,176,0,38,-2,100,43
127,https://people.com/lifestyle/philips-sonicare-electric-toothbrush-deal-amazon-october-2021/,14,24,3,1,16,523,3,306,95,328,46,11,2,65,35,39,3,9340,7468,5313,4681,6,276,504231,25,2070,1,2066,2,135,134,2603368,91,236147,224,0,25,-3,100,-20
128,https://people.com/lifestyle/evolvetogether-kn95-face-masks-restock/,9,10,3,1,16,527,3,312,96,331,48,11,2,62,35,39,3,7263,5435,3843,3538,6,282,479001,22,2053,0,1907,2,135,134,2600379,58,231998,174,0,37,-10,100,42
129,https://people.com/home/luxclub-bamboo-sheets-deal-early-holiday-sale-2021-amazon/,8,13,4,1,16,504,3,298,93,326,45,11,2,63,35,39,3,9149,7135,5712,4690,6,268,464763,19,1942,0,1669,2,135,134,2495123,58,231432,166,0,50,53,100,43
130,https://people.com/lifestyle/amazon-prime-member-deals-october-2021/,8,18,4,1,17,579,3,336,109,342,53,11,2,63,35,39,3,8624,6537,4500,3868,6,306,522793,27,2119,0,1700,2,133,134,2546437,57,230127,166,0,52,85,100,46
131,https://people.com/home/ynm-weighted-blanket-sale-amazon/,16,22,2,1,16,495,3,299,88,324,44,11,2,62,35,39,3,8625,6537,5520,4263,6,269,458573,20,1992,1,2386,2,135,134,2649046,95,234790,225,0,24,-3,100,-29
132,https://people.com/lifestyle/target-deal-days-sale-october-2021/,19,16,4,1,17,665,3,369,120,347,47,11,2,66,35,39,3,7977,6107,4039,3242,6,337,569424,24,2293,0,1862,2,135,134,2758829,59,232868,172,0,43,53,100,44
133,https://www.huffpost.com/entry/trump-election-2020-biden_n_61674e95e4b028316c91016d,19,8,6,1,16,468,9,171,34,25,14,2,1,83,47,10,18,6408,3608,3232,2574,0,113,423635,13,1382,0,1335,1,144,40,11244838,53,391327,204,184808,19,85,100,44
134,https://www.huffpost.com/entry/house-committee-subpoenas-trump-justice-department-ally-jeffrey-clark_n_61674d57e4b0f26084efdf01,14,9,3,1,16,482,9,167,35,25,14,2,1,85,46,10,18,6421,3465,2851,2216,0,109,425528,16,1399,0,1367,1,144,40,11152822,52,385829,196,184808,20,85,100,48
135,https://www.huffpost.com/entry/republican-trump-lost-billboard_n_6167d961e4b0fcd00f99e84b,20,7,5,1,15,462,12,169,31,25,14,2,1,87,46,10,18,5093,2435,1788,1085,0,111,421147,14,1381,0,1671,1,143,40,10883354,57,289744,233,184808,16,85,100,28
136,https://www.huffpost.com/entry/10000-john-deere-workers-go-on-strike_n_61671f4ce4b065a5496f1f23,25,15,8,1,15,451,2,161,29,43,14,2,1,75,38,6,13,7252,4776,4172,3462,0,104,375474,22,910,0,851,1,87,35,4219192,42,329122,146,184808,59,87,100,64
137,https://www.huffpost.com/entry/lauren-boebert-guns-norway_n_6167cd22e4b0f26084f0646a,16,1,3,1,16,496,24,167,34,25,14,2,1,95,47,10,18,3766,1134,785,616,0,109,440503,6,1522,0,2474,1,144,40,13630986,62,495190,320,369616,-27,85,100,7
138,https://www.huffpost.com/entry/washington-post-editorial-board-republicans-vaccine-mandates_n_6167e0eae4b065a54970178a,20,4,4,1,16,461,9,170,34,25,14,2,1,83,47,10,18,4292,1555,1338,818,0,112,424762,9,1367,0,1588,1,144,40,13710304,57,424442,235,369616,-11,85,100,41
139,https://www.huffpost.com/entry/ted-sarandos-netflix-dave-chappelle-defense_n_6167bc41e4b0d3f507c74320,15,16,3,1,16,396,11,159,31,24,14,2,1,85,46,10,17,4801,3026,2535,2366,0,101,411670,12,1368,0,1479,1,143,40,12603365,59,257637,229,184808,11,85,100,36
140,https://www.huffpost.com/entry/hollywood-workers-union-strike_n_61671443e4b0f26084ef8a58,14,11,6,1,15,440,3,159,28,33,14,2,1,75,38,6,13,5296,3009,2641,2278,0,102,373712,11,863,0,1461,1,123,37,6047349,55,414739,237,369616,33,86,100,29
141,https://www.huffpost.com/entry/fox-news-early-war-on-christmas-biden_n_6167c1f2e4b065a5496fda24,13,3,5,1,15,497,25,170,31,25,14,2,1,97,46,10,18,4430,1817,1481,824,0,112,439190,12,1573,0,2607,1,144,40,15362360,62,481574,336,369616,-35,85,100,2
142,https://www.huffpost.com/entry/seth-meyers-tucker-carlson-fox-news-impression_n_6167d6aae4b0f26084f07384,16,3,2,1,16,469,10,167,34,24,14,2,1,86,47,10,17,4519,1788,1270,616,0,109,423331,9,1798,0,1718,1,145,40,13466040,58,212376,224,184808,3,84,100,48
143,https://www.huffpost.com/entry/jimmy-kimmel-ted-cruz-halloween_n_6167b250e4b0f26084f03f20,11,4,2,1,15,436,4,164,28,25,14,2,1,77,37,6,13,3656,1072,971,616,0,107,374442,7,1278,0,1488,1,89,35,5718535,56,221936,205,184808,44,85,100,49
144,https://www.huffpost.com/entry/chihuahua-airport-luggage_n_6167af62e4b0f3be08de935a,14,6,3,1,15,442,4,159,28,25,14,2,1,76,37,6,14,4401,1878,1526,1198,0,102,372127,9,1018,0,1602,1,209,44,6331665,59,265617,275,369616,28,84,100,24
145,https://www.huffpost.com/entry/brad-parscale-jim-renacci-ohio_n_61661694e4b0f3be08dbf05b,28,27,15,1,15,464,2,178,29,85,14,2,1,76,36,6,14,9174,5870,3892,2860,0,121,392205,30,991,0,856,1,88,35,3956311,42,154483,147,184808,60,87,100,64
146,https://www.huffpost.com/entry/norway-bow-arrow-attack_n_616735f1e4b065a5496f46e1,17,4,2,1,14,435,3,148,28,24,14,2,1,76,36,6,13,5476,3170,2947,2060,0,91,363700,11,830,1,1424,1,123,37,6145240,55,412164,243,369616,33,86,100,26
147,https://www.huffpost.com/entry/white-house-offshore-wind-farms_n_6167846fe4b0f26084f0178b,14,14,8,1,16,471,6,170,33,26,14,2,1,78,37,6,14,6911,4005,3325,2619,0,113,388138,14,940,0,1527,1,123,37,6488640,60,303948,267,369616,29,86,100,7
148,https://www.huffpost.com/entry/lora-reinbold-covid-alaska_n_61678029e4b0fcd00f998069,25,7,3,1,16,443,3,169,28,29,14,2,1,75,37,6,14,5478,2825,2008,1342,0,112,380271,13,880,0,1364,1,124,37,5912739,55,235627,241,369616,34,86,100,25
149,https://www.huffpost.com/entry/brian-laundrie-one-month-missing_n_6167289ee4b0d3f507c69cdc,16,24,5,1,16,503,9,178,36,25,14,2,1,85,46,10,17,8065,4850,3964,2911,0,120,435436,20,1444,0,1434,1,143,40,13585084,53,215066,204,184808,9,85,100,43
150,https://www.dailymail.co.uk/news/article-10089787/Leading-transport-firm-quits-Road-Haulage-Association-row-lorry-driver-crisis-escalates.html,298,87,35,1,3,437,7,549,729,910,13,5,1,78,81,49,23,60171,57576,36492,6099,1,51,1221376,30,3695,20,1183,1,455,140,2365798,21,63503,129,0,56,85,60,83
151,https://www.dailymail.co.uk/news/article-10089745/STEPHEN-GLOVER-potty-Europe-blame-supply-woes-Brexit.html,155,78,28,1,5,251,4,358,465,576,5,8,1,74,72,48,23,38822,37017,25229,3516,1,50,1037489,59,2512,20,973,1,436,137,2064581,23,57066,84,0,67,85,60,74
152,https://www.dailymail.co.uk/news/article-10090703/Spike-gas-prices-continue-winter-Jim-Ratcliffe-predicts.html,290,122,41,1,3,380,5,553,735,894,11,8,1,78,72,49,23,64321,61439,39650,7828,1,51,1219137,54,3602,20,1204,1,455,139,2315119,23,64644,130,0,56,85,60,74
153,https://www.dailymail.co.uk/news/article-10091177/Poll-finds-60-working-age-Brits-cut-spending-amid-cost-living-crisis.html,277,91,35,1,3,273,3,547,731,871,9,6,1,75,59,49,23,60486,58060,36633,5259,1,51,1182428,34,3302,14,1072,1,427,138,2010286,19,43057,119,0,65,86,60,83
154,https://www.dailymail.co.uk/news/article-10089119/Gas-price-crisis-claims-Pure-Planet-Colorado-Energy-cease-trading.html,277,102,38,1,3,545,9,555,734,935,15,7,1,80,90,49,23,64344,60966,38235,5308,1,51,1256980,62,3995,20,1285,1,455,141,2398933,21,64638,133,0,52,85,60,83
155,https://www.dailymail.co.uk/news/article-10090915/Rishi-Sunak-says-confident-gifts-tree-Christmas.html,69,96,30,1,1,766,6,247,125,221,9,47,0,80,81,48,22,33541,29008,19610,13211,0,53,1111700,214,2489,22,1065,1,436,138,2068722,23,59058,92,0,61,85,60,74
156,https://www.dailymail.co.uk/news/article-10091175/Priti-Patel-plans-grant-officers-immunity-Channel-migrants-drown-turnback-operation.html,287,122,46,1,3,466,7,560,733,916,13,7,1,80,81,49,23,69374,66205,43093,8553,1,51,1248079,81,3842,20,1290,1,455,140,2341777,21,64805,132,0,54,85,60,83
157,https://www.dailymail.co.uk/news/article-10091219/Sajid-Javid-apologises-governments-Covid-failures.html,278,101,42,1,3,379,5,554,734,892,11,8,1,78,72,49,23,63615,60556,38797,7502,1,51,1218392,45,3596,20,1153,1,455,139,2294189,21,64499,127,0,57,85,60,83
158,https://www.dailymail.co.uk/sciencetech/article-10091147/Three-network-crashes-UK.html,200,92,25,1,4,349,5,459,491,711,7,10,1,81,72,50,22,41806,38414,24266,1695,2,82,1096030,55,3020,0,1099,1,439,137,2478513,32,63240,138,0,54,85,60,69
159,https://www.dailymail.co.uk/femail/article-9978581/Starpowa-brave-women-share-health-stories.html,232,93,34,1,1,207,2,509,685,811,3,9,1,76,59,50,22,54233,51572,34374,3850,3,67,1140212,66,3262,16,982,1,411,136,1896650,20,40059,87,0,69,86,60,83
160,https://www.dailymail.co.uk/tvshowbiz/article-10091273/George-Clooney-60-looks-dapper-grey-suit-leads-glamorous-wife-Amal-43-hotel.html,37,12,10,1,9,682,10,194,73,194,12,21,0,77,99,49,22,9832,7276,4655,2132,0,73,999385,92,1979,20,1197,1,436,140,3306627,21,55511,105,0,57,84,60,81
161,https://www.dailymail.co.uk/tvshowbiz/article-10090333/Victoria-Beckham-finally-reveals-David-Beckham-wore-matching-outfits-lot-talk-show.html,15,53,4,1,4,249,2,168,50,99,2,13,0,71,59,49,22,7682,5463,3092,1043,0,68,880850,78,953,20,730,1,408,136,3199218,19,34653,88,0,69,86,60,82
162,https://www.dailymail.co.uk/tvshowbiz/article-10090753/Beyonce-puts-busty-display-low-cut-halter-gown-stunning-snaps-posted-Instagram.html,288,110,40,1,8,740,9,608,794,965,12,23,1,86,90,52,23,64872,60320,36061,5308,0,77,1344356,88,4504,20,1542,1,458,141,3318704,22,66641,163,0,43,85,60,81
163,https://www.dailymail.co.uk/tvshowbiz/article-10090983/Ewan-McGregors-daughter-Clara-discusses-tranquiliser-addiction-mental-health-abortion-ordeal.html,297,141,44,1,3,447,5,580,808,948,8,17,1,77,72,52,23,70201,66866,42858,8247,0,59,1279192,64,3767,20,1219,1,458,139,2422330,22,64990,131,0,55,85,60,83
164,https://www.dailymail.co.uk/tvshowbiz/article-10090707/Leni-Klum-17-model-daughter-accompanies-dad-Seal-Harder-Fall-premiere-LA.html,20,8,6,1,8,581,8,186,71,168,8,19,0,76,90,49,22,6751,4466,2545,1199,0,73,971594,73,1723,20,1041,1,436,139,2818125,23,56120,107,0,61,85,60,72
165,https://www.dailymail.co.uk/news/article-10090871/Plumber-45-fears-lose-home-judge-ruled-Ring-camera-breached-neighbours-privacy.html,28,69,27,1,9,253,2,152,42,100,5,16,0,69,59,48,22,16345,15468,11481,7082,0,51,887568,98,986,17,656,1,408,136,1653594,21,33989,71,0,79,86,60,74
166,https://www.dailymail.co.uk/news/article-10091051/Norway-bow-arrow-attacker-convert-Islam.html,25,59,14,1,3,532,6,208,80,187,9,23,0,74,81,48,22,26396,21923,17645,10679,0,63,991037,162,1823,22,932,1,436,138,2035069,21,55669,93,0,66,85,60,83
167,https://www.intouchweekly.com/posts/kylie-jenner-reacts-to-swimwear-lines-disastrous-reception/,9,22,17,1,32,342,5,151,38,137,56,28,3,49,29,27,19,10124,6120,4411,4411,3,163,420741,39,1378,16,600,0,118,198,1048217,12,98574,49,0,87,98,100,96
168,https://www.intouchweekly.com/posts/will-jacob-roloff-and-isabel-rock-buy-roloff-farms-she-reacts/,12,21,18,1,32,347,5,159,41,177,56,28,3,49,29,27,19,10115,6020,3722,3327,3,171,429515,41,1447,16,629,0,118,198,1042841,11,98455,49,0,86,98,100,96
169,https://www.intouchweekly.com/posts/justin-duggar-and-wife-claire-spivey-buy-texas-home-amid-drama/,17,14,17,1,32,345,5,170,39,138,56,28,3,49,29,27,19,9758,5632,3661,3120,3,182,425336,44,1421,16,580,0,118,198,1230417,11,98564,49,0,87,98,100,96
170,https://www.intouchweekly.com/posts/megan-foxs-dating-history-brian-austin-green-machine-gun-kelly/,25,29,18,1,36,386,5,167,42,194,56,28,3,50,29,26,19,12563,7494,5666,4803,3,178,450115,56,1566,18,651,0,118,198,1227340,11,99285,49,0,86,98,100,96
171,https://www.intouchweekly.com/posts/who-is-mickey-guytons-husband-what-to-know-about-grant-savoy/,17,15,17,1,37,342,5,144,38,136,56,28,3,49,29,27,19,10218,6185,4635,4268,3,156,419743,37,1376,16,596,0,118,198,1127955,11,98441,49,0,87,98,100,96
172,https://www.intouchweekly.com/posts/brittany-murphy-parents-learn-about-sharon-murphy-angelo-bertolotti/,17,20,18,1,36,341,5,146,39,164,56,28,3,47,29,26,19,10914,6666,4884,4718,3,158,390027,40,1407,16,587,0,118,198,1111000,11,96631,47,0,87,98,100,96
173,https://www.intouchweekly.com/posts/90-day-fiance-where-is-fernanda-from-mexico-roots/,14,22,17,1,32,343,5,151,37,137,56,28,3,52,29,28,19,10843,7012,5332,5332,3,163,452017,37,904,0,541,0,118,198,1126740,12,104039,48,0,87,99,100,96
174,https://www.intouchweekly.com/posts/braless-photos-of-the-kardashian-jenner-women-kim-kylie-more/,23,21,18,1,51,503,5,206,56,274,56,28,3,50,29,26,19,11286,6312,4616,4464,3,217,502939,95,1944,18,719,0,118,198,1912779,11,99987,49,0,82,98,100,96
175,https://www.intouchweekly.com/posts/must-haves/3-eco-friendly-essentials-that-will-change-your-routine/,19,14,17,1,35,335,4,138,38,136,56,28,3,46,29,26,19,9802,6032,4459,4459,7,146,378659,35,1342,16,582,0,128,198,884152,10,95822,44,0,87,98,100,96
176,https://www.intouchweekly.com/posts/gabby-petitos-mom-slams-brians-lawyers-strangulation-comment/,13,14,17,1,32,345,5,153,39,163,56,28,3,50,29,28,19,10634,6382,4856,4509,3,166,427905,40,1415,16,619,0,146,201,1638770,12,97073,49,0,85,98,100,96
177,https://www.intouchweekly.com/posts/wendy-williams-brother-tommy-gives-update-on-her-health/,11,25,18,1,32,347,5,148,40,159,56,28,3,49,29,27,19,10480,6376,4697,4536,3,160,425541,39,1411,16,588,0,118,198,1150843,11,98798,49,0,87,98,100,96
178,https://newspunch.com/jk-rowling-excluded-from-harry-potter-reunion/,35,4,0,1,0,267,7,165,30,120,3,4,1,43,52,23,16,4288,1420,828,828,1,171,271332,16,787,1,1239,0,297,167,3331457,45,300556,157,36200,53,71,0,45
179,https://newspunch.com/president-trump-adam-schiff-arrested-treason/,38,14,1,1,0,269,8,166,30,120,3,4,1,44,53,23,16,5961,2451,1588,1402,3,169,311114,19,1051,27,1551,0,297,167,3749609,47,273146,167,36200,41,71,0,32
180,https://newspunch.com/rand-paul-colluded-russia-hillary-clinton/,33,2,1,1,0,269,3,161,30,123,3,4,1,40,55,23,16,4257,1386,1124,592,5,163,281838,9,1366,1,1331,0,374,177,3756357,48,201923,151,36200,48,71,0,51
181,https://newspunch.com/kamala-harris-claims-justice-system-is-not-equitable-after-kyle-rittenhouse-verdict/,37,11,4,1,0,249,12,168,30,124,3,4,1,47,52,23,15,6397,2949,2412,1363,1,174,253179,20,948,1,1459,0,297,167,3770319,46,256045,189,36200,45,71,0,29
182,https://newspunch.com/austrian-police-begin-hunting-for-unvaccinated-citizens/,34,6,2,1,0,267,1,163,30,117,3,4,1,40,55,23,16,4987,2187,1518,638,5,165,255119,16,770,1,954,0,297,167,2649572,41,219674,135,36200,59,72,0,54
183,https://newspunch.com/austria-orders-lockdown-for-the-filthy-unvaxxed-deploys-police-to-carry-out-spot-checks/,39,13,0,1,0,274,1,165,30,121,3,4,1,40,55,23,16,6310,3318,2850,2138,5,167,264208,17,697,1,881,0,297,167,2909404,40,201655,134,36200,60,72,0,54
184,https://newspunch.com/austria-imposes-lockdown-for-all-unvaccinated-people-aged-over-12/,30,4,0,1,0,272,4,157,30,125,3,4,1,40,52,23,16,4981,1666,925,603,1,163,259624,13,682,1,1074,0,297,167,3285633,45,223270,140,36200,56,72,0,44
185,https://newspunch.com/swedish-doctors-demand-that-the-pfizer-jab-is-banned-over-suspected-fraud/,42,17,2,1,0,273,8,165,30,113,3,4,1,41,52,23,16,7193,4431,3939,3074,3,169,265900,21,689,1,881,0,297,167,2490918,41,201501,133,36200,61,72,0,54
186,https://newspunch.com/people-have-a-duty-to-society-to-get-vaccinated-says-angela-merkel/,40,11,1,1,0,236,1,159,30,120,3,4,1,40,52,23,16,5361,2341,1444,914,1,165,256733,13,775,1,949,0,297,167,2418755,42,199360,132,36200,59,72,0,51
187,https://newspunch.com/swiss-globalist-caught-funding-bidens-new-world-order-agenda/,32,7,8,1,0,245,5,164,30,119,3,4,1,41,55,23,16,8181,4987,4236,3703,5,166,262544,24,711,1,1070,0,297,167,3032034,44,206417,138,36200,54,72,0,47
188,https://newspunch.com/robert-de-niro-trump-possibly-crazy-medical-sense/,27,6,0,1,0,273,5,164,30,109,3,4,1,40,53,23,16,4479,2224,1351,1152,3,167,323697,15,1396,1,1689,0,374,177,3495099,50,274897,158,36200,44,71,0,47
189,https://newspunch.com/india-prepares-to-impose-climate-lockdown/,39,12,2,1,0,271,4,167,30,117,3,4,1,42,55,23,16,5453,2258,1938,1277,5,169,258757,18,705,1,1437,0,297,167,3543548,47,251293,161,36200,51,72,0,39
190,https://newspunch.com/thousands-of-u-s-christians-fleeing-to-russia-evil-wokeness-is-not-welcome-here/,35,8,1,1,0,273,2,162,30,117,3,4,1,40,55,23,16,4242,1251,789,789,5,164,256974,10,684,1,1075,0,297,167,2625554,43,205506,142,36200,57,72,0,47
191,https://newspunch.com/peter-strzok-worked-for-cia-under-obama/,41,3,0,1,0,275,8,165,30,119,3,4,1,41,55,23,16,4706,2001,1578,1402,5,167,271476,12,720,1,1962,0,297,173,2589846,43,204695,167,36200,46,71,0,44
192,https://newspunch.com/australia-tens-of-thousands-marching-for-freedom-fill-the-streets-in-major-cities/,31,8,3,1,0,251,13,180,34,114,3,4,1,48,52,23,15,6222,2562,2153,1590,1,186,254348,20,793,1,1586,0,297,167,4440448,49,275149,204,36200,44,72,0,21
193,https://newspunch.com/us-warns-eu-that-russia-may-be-planning-to-invade-ukraine/,34,15,1,1,0,272,4,159,30,119,3,4,1,40,52,23,16,5051,2214,975,632,1,165,264733,14,709,1,1086,0,297,167,3089752,43,205134,138,36200,55,71,0,54
194,https://www.wonkette.com/joe-biden-s-on-a-roll-so-how-about-finally-firing-louis-dejoy,13,11,2,2,0,74,6,244,13,39,7,27,4,42,30,19,4,2599,2343,1981,1637,6,174,182210,25,578,17,211,0,77,7,567138,15,6388,34,0,92,100,100,77
195,https://www.wonkette.com/what-if-jen-psaki-were-this-orange-cat,74,41,8,4,2,136,6,268,17,56,11,51,6,47,30,19,5,9332,7961,6364,4069,7,204,215437,60,1072,17,1904,0,286,26,3165299,32,187239,108,30936,55,98,70,66
196,https://www.wonkette.com/big-night-cbo-score-kevin-mccarthy-never-shuts-up-and-now-house-passes-build-back-better,31,21,5,2,3,83,9,245,13,39,7,27,4,43,30,19,4,5577,3911,3049,2534,6,175,189689,31,634,17,251,0,77,7,482544,15,6426,34,0,92,100,100,77
197,https://www.wonkette.com/far-right-reporter-wants-to-ban-adrenochrome-users-from-public-office,8,54,4,2,0,78,5,237,15,54,7,27,4,41,30,19,4,4644,4246,3798,3439,5,154,183110,31,676,0,1513,0,209,16,2208009,25,119074,92,30936,69,99,70,69
198,https://www.wonkette.com/it-s-a-1a-death-match-between-james-o-keefe-and-the-nyt-and-a-judge-just-seriously,36,25,11,2,0,74,5,248,12,31,7,27,4,41,30,19,4,5294,4649,3228,1837,5,186,184168,31,604,17,191,0,77,7,453026,15,6458,34,0,92,100,100,77
199,https://www.wonkette.com/seniors-unsold-cruise-cabins-are-almost-being-given-away-tabs-fri-nov-19-2021,64,23,3,2,0,79,8,239,12,31,7,27,4,43,30,19,4,4902,4223,3830,2948,7,175,181797,30,597,3,393,0,77,7,955832,19,52094,54,0,88,99,100,66
200,https://www.wonkette.com/thursday-white-house-press-briefing-hooray,66,38,7,4,2,136,7,272,17,56,11,51,6,47,29,19,5,9234,7799,6059,3793,9,206,216243,64,1098,17,1953,0,286,26,3506990,32,185994,107,30936,55,98,70,66
201,https://www.wonkette.com/what-does-one-serve-after-daddy-dearest-stages-an-insurrection,32,15,3,2,0,73,5,226,12,33,7,27,4,41,30,19,4,3643,3113,2512,2347,7,160,175392,33,580,17,181,0,77,7,2070388,15,5921,33,0,89,100,100,77
202,https://www.wonkette.com/kim-guilfoyle-was-hot-to-claim-credit-for-jan-6-protest-will-select-committee-give-it-to-her,10,15,3,2,0,73,5,233,12,31,7,27,4,41,30,19,4,4197,3716,3074,2253,5,171,179407,25,578,17,189,0,77,7,486481,15,6378,34,0,92,100,100,77
203,https://www.wonkette.com/welcome-to-wonkette-happy-hour-with-this-week-s-cocktail-hooper-s-dirty-martini,14,16,0,2,0,76,5,229,13,39,7,27,4,41,30,19,4,4504,4079,3489,2727,5,160,180185,32,598,17,183,0,77,7,460148,15,6054,34,0,92,100,100,77
204,https://www.wonkette.com/wonkette-s-weekly-top-ten-is-a-great-big-genius-who-lives-in-the-sea,26,4,1,2,0,70,7,225,10,33,5,15,3,43,30,19,4,2641,1131,510,510,7,161,173877,30,1083,0,1962,0,289,26,2906955,31,120031,106,30936,58,98,70,66
205,https://www.wonkette.com/pillow-guy-kid-rock-proud-boys-it-s-a-big-weekend-for-terrible-men-doing-weird-shit,33,29,5,2,0,82,8,241,15,54,7,27,4,43,30,19,4,7098,6761,5794,5280,5,158,189226,36,698,17,1561,0,206,16,2179586,25,118682,91,30936,68,99,70,69
206,https://www.wonkette.com/this-weeks-wonkette-live-chat-is-not-a-safe-space-for-homicidal-maniacs,64,40,7,4,2,138,6,278,17,56,11,51,6,48,29,19,5,10605,8923,6841,4391,7,214,221401,64,666,17,1416,0,206,16,2263008,25,187482,91,30936,67,99,70,69
207,https://www.wonkette.com/nicolle-wallace-performs-live-autopsy-on-pathetic-gasbag-chris-christie-because-its-almost-christmas,23,15,4,2,0,76,8,230,12,32,7,27,4,43,30,19,4,4699,3854,3343,2609,5,168,181098,24,1064,3,2152,0,286,26,3088270,32,185253,107,30936,56,98,70,66
208,https://www.wonkette.com/petite-white-nationalist-frightens-fox-into-editing-article-calling-him-a-white-nationalist,18,14,1,2,0,72,5,218,12,31,7,27,4,41,30,19,4,4894,4532,3947,3079,5,156,176142,25,671,17,1530,0,206,16,2569571,25,187959,91,30936,65,99,70,69
209,https://www.wonkette.com/laura-ingraham-is-starting-to-get-better-at-comedy-and-it-s-making-lefties-nervous,41,19,1,2,0,77,8,224,12,32,7,27,4,43,30,19,4,3107,2236,1831,1281,7,160,177688,24,703,17,1451,0,206,16,2266844,25,187431,91,30936,67,99,70,69
210,https://www.wonkette.com/joe-biden-signs-infrastructure-bill-orders-rickety-nh-bridge-to-get-its-sh-t-together,16,4,1,2,0,73,5,273,12,32,7,27,4,41,30,19,4,2647,2124,1312,953,6,210,188685,26,611,17,191,0,77,7,484587,15,6720,34,0,92,100,100,77
211,https://www.wonkette.com/here-s-the-wilbur-ross-peter-thiel-real-estate-porn-you-never-asked-for,31,20,4,2,0,73,5,235,12,31,7,27,4,41,30,19,4,3936,3457,3028,2307,7,171,178490,30,688,17,1583,0,206,16,2399070,25,187561,91,30936,65,99,70,69
212,https://www.wonkette.com/these-snl-cast-members-have-changed-a-lot-during-their-20-years-on-the-show-tabs-tues-nov-16-2021,12,4,4,2,0,76,9,237,12,32,7,27,4,44,29,19,4,2559,2014,1406,1092,5,175,180956,27,589,17,219,0,77,7,923536,15,6352,34,0,92,100,100,77
213,https://www.wonkette.com/are-steven-mnuchin-and-mike-pompeo-the-most-patriotic-savers-of-america-from-trump-who-ever-got-born,27,34,1,2,0,73,5,232,12,32,7,27,4,41,30,19,4,6227,5601,4730,4382,7,168,181318,33,596,17,178,0,77,7,809497,15,6444,34,0,92,100,100,77
214,https://www.wonkette.com/managemental-fiascos-the-employees-could-not-keep-quiet-about-tabs-wed-nov-17-2021,85,47,7,4,2,139,8,283,17,56,11,51,6,47,30,19,5,11356,9705,7298,5025,8,218,222422,72,565,17,236,0,77,7,494313,15,5993,34,0,92,100,100,77
215,https://www.wonkette.com/chuck-todd-pretty-sure-bidens-historic-infrastructure-bill-is-the-end-of-the-road-for-democrats,17,22,4,2,0,75,8,231,12,31,7,27,4,43,30,19,4,4034,3806,3476,2963,5,169,180471,22,583,3,381,0,77,7,1115110,19,59976,58,0,88,99,100,62
216,https://www.wonkette.com/pfizer-to-let-poor-nations-make-its-anti-covid-drug-but-not-its-vaccine-whaaaaat,25,15,1,2,0,73,5,249,12,31,7,27,4,41,30,19,4,4084,3609,3235,2406,6,186,182339,23,699,17,1498,0,206,16,2215778,25,120308,91,30936,68,99,70,69
217,https://www.wonkette.com/gop-defends-manly-man-paul-gosar-who-publicly-fantasized-about-killing-colleague-aoc,21,15,7,2,0,76,8,234,12,31,7,27,4,43,30,19,4,4464,4182,3557,3031,5,172,181626,23,686,17,1455,0,206,16,2257614,25,187784,91,30936,67,99,70,69
218,https://www.wonkette.com/oops-labor-dept-missed-626000-new-jobs-this-summer-bummer-about-your-polls-joe-biden,20,27,4,2,0,72,5,242,12,31,7,27,4,41,30,19,4,6159,5751,5150,4317,6,179,182855,26,692,17,1585,0,206,16,2328543,25,189088,91,30936,66,99,70,69
219,https://www.wonkette.com/there-s-a-duggar-running-for-office-no-not-the-one-on-trial-for-kiddie-porn,17,18,4,2,0,72,5,223,12,33,7,27,4,41,30,19,4,3797,3385,2784,2440,7,159,176072,28,567,17,189,0,77,7,468608,15,5951,33,0,92,100,100,77
220,https://www.wonkette.com/a-new-drilling-ban-and-green-new-steel-your-eco-nice-time-report,14,27,6,2,2,77,6,281,14,46,7,27,4,42,30,19,4,6139,5285,4897,4334,6,204,194646,35,644,3,1551,0,206,16,2462246,25,189448,91,30936,67,99,70,69
221,https://www.wonkette.com/woke-sesame-street-triggered-matt-schlapp-to-death-but-don-t-worry-he-got-better,17,18,1,2,0,78,9,234,12,32,7,27,4,43,30,19,4,3357,2875,1886,1007,7,170,181635,27,694,17,1443,0,206,16,2255926,25,187332,91,30936,67,99,70,69
222,https://www.wonkette.com/does-anyone-seriously-think-joe-manchin-kyrsten-sinema-would-be-welcome-in-marjorie-taylor-greenes-gop,27,12,2,2,0,82,7,250,14,47,7,27,4,42,30,19,4,4535,4127,3098,2567,5,174,186958,30,602,19,181,0,77,7,502894,15,6447,33,0,92,100,100,77
223,https://bients.com/fearing-coronavirus-recession-france-announces-e45-billion-in-business-aid/,19,11,0,1,1,585,0,285,15,245,2,15,5,31,27,20,171,3735,1097,1097,1097,0,231,564040,21,1587,27,768,0,283,79,1394843,5,209,43,33993,80,98,100,100
224,https://bients.com/10-things-you-should-know-before-you-go-to-tibet/,19,11,0,1,1,585,0,284,15,244,2,15,5,31,27,20,171,3659,1097,1097,1097,0,230,560286,21,1585,27,779,0,281,79,1418243,5,209,43,33993,80,98,100,100
225,https://bients.com/exclusive-amazon-confirms-first-known-coronavirus-case-in-an-american-warehouse/,19,11,0,1,1,585,0,285,15,245,2,15,5,31,27,20,171,3740,1097,1097,1097,0,231,564215,21,1587,27,799,0,283,79,1429353,5,209,43,0,81,98,100,100
226,https://bients.com/man-united-skipper-again-boosted-for-first-goal/,19,11,0,1,1,585,0,284,15,244,2,15,5,31,27,20,171,3659,1097,1097,1097,0,230,561265,21,1585,27,781,0,281,79,1363753,5,209,43,33993,81,98,100,100
227,https://empirenews.net/woman-gets-pregnant-after-sleeping-at-hotel-with-dirty-sheets/,27,11,0,1,0,276,7,115,72,144,0,0,0,68,29,45,8,6960,2748,1371,1182,5,135,144916,9,886,24,993,2,389,51,1863427,29,74278,112,0,71,84,0,74
228,https://empirenews.net/michelle-obama-files-for-divorce-after-shocking-revelation-barack-obama-admits-im-gay/,28,19,0,1,0,276,7,116,73,144,0,0,0,68,29,45,8,7385,3140,1866,1346,5,136,147046,11,929,22,1052,2,389,57,2155345,29,74370,119,0,69,84,0,74
229,https://empirenews.net/parent-company-of-corona-beer-sues-china-over-bad-press-during-their-coronavirus-scare/,28,4,1,1,0,276,7,114,73,144,0,0,0,68,29,45,8,7129,2878,1604,1433,5,134,146260,9,748,16,933,2,389,57,2103304,28,74271,112,0,72,84,0,74
230,https://empirenews.net/trump-to-host-massive-i-beat-impeachment-party-at-white-house-this-weekend/,26,4,0,1,0,276,7,114,73,144,0,0,0,68,29,45,8,6713,2461,1084,891,5,134,145426,10,750,16,933,2,389,57,2073283,28,74278,112,0,72,84,0,74
231,https://empirenews.net/multiple-people-hospitalized-several-arrested-during-rush-limbaugh-has-cancer-celebration-in-boston/,27,11,1,1,0,276,7,115,73,144,0,0,0,68,29,45,8,7504,3439,1686,1514,5,135,147208,13,776,16,1404,2,389,57,2090161,28,74308,113,0,69,84,0,74
232,https://empirenews.net/breaking-war-with-iran-imminent-president-trump-reinstates-military-draft/,28,11,1,1,0,276,7,113,73,144,0,0,0,68,29,45,8,7488,3273,1999,1999,5,133,145858,10,716,12,997,2,389,57,2021658,27,74342,111,0,72,84,0,74
233,https://empirenews.net/breaking-president-trump-arrested-leaving-trump-tower-in-new-york/,29,6,1,1,0,276,7,109,72,143,0,0,0,68,29,45,8,7085,2778,1504,1329,5,129,144434,10,763,16,954,2,389,57,2076154,28,74439,113,0,72,84,0,74
234,https://empirenews.net/after-record-number-of-children-disappear-man-arrested-with-47-kids-found-locked-in-his-basement/,27,4,0,1,0,276,7,111,72,143,0,0,0,68,29,45,8,6522,2271,997,837,5,131,145168,8,711,0,891,2,389,51,1956864,27,74353,106,0,74,84,0,74
235,https://empirenews.net/parents-concerned-by-the-lack-of-drugs-found-mixed-in-with-childrens-halloween-candy/,30,5,1,1,0,276,7,109,72,143,0,0,0,68,29,45,8,6682,2452,1178,1178,5,129,144862,8,709,12,955,2,389,57,1986493,27,74361,109,0,73,84,0,74
236,https://crooksandliars.com/2021/11/alex-jones-found-guilty-all-sandy-hook#insticator-commenting,16,5,9,0,5,486,21,139,51,46,2,3,2,98,42,31,21,4217,2713,2604,1776,51,69,253355,15,2908,0,7822,3,303,171,12038058,170,735595,622,147780,-79,51,100,-242
237,https://crooksandliars.com/2021/11/peter-navarro-subpoenaed-house-covid-panel,18,9,1,0,5,495,22,143,51,46,2,3,2,100,42,31,21,4503,2902,2654,1913,51,70,253952,17,3683,0,6330,3,310,176,11539037,196,823746,678,147780,-93,33,100,-310
238,https://apnews.com/article/crime-milwaukee-388eec09cc3543874d30352e197168ca,25,29,6,1,0,305,13,112,13,102,19,9,0,54,42,29,42,10257,9558,8584,7211,1,56,398844,42,600,1,2133,0,97,6,2980946,84,248375,231,0,41,95,100,-1
239,https://abcnews.go.com/Politics/house-democrats-pass-sweeping-social-spending-climate-policy/story?id=81257723,27,34,12,1,0,234,4,55,20,91,16,3,1,34,61,14,0,10932,8849,7717,6102,2,39,373603,43,596,0,912,0,117,10,2409077,35,148304,96,76960,74,100,100,45
240,https://abcnews.go.com/Politics/whats-stake-security-nation-nsa-chief-defending-us/story?id=81258606,30,32,3,1,0,167,1,47,8,53,11,3,1,32,61,14,0,6129,4962,4465,3791,2,31,337826,27,389,1,615,0,117,10,1841032,31,97182,76,76960,81,100,100,56
241,https://abcnews.go.com/Politics/gops-post-trump-planning-hits-trumpian-obstacles-note/story?id=81262931,30,14,3,1,0,152,1,60,6,48,10,3,1,32,61,14,0,5578,4488,3158,2422,3,43,338213,30,396,1,641,0,117,10,2056949,31,97332,79,108286,77,100,100,56
242,https://abcnews.go.com/Politics/republican-governors-embrace-youngkin-playbook-winning-model-midterms/story?id=81261587,19,17,5,1,0,161,1,47,6,43,8,3,1,32,61,14,0,5696,4686,4403,4239,2,31,331388,21,357,1,564,0,117,10,1790558,31,96870,75,66286,83,100,100,56
243,https://abcnews.go.com/Politics/harris-shes-underused-insists-things/story?id=81234331,22,34,5,1,0,176,1,47,10,56,12,3,1,32,61,14,0,7673,6319,5942,5561,2,31,343014,27,409,1,644,0,117,10,1793955,31,98149,75,66286,83,100,100,56
244,https://abcnews.go.com/Politics/amid-economic-woes-biden-voters-economy-faltering-speak/story?id=81207785,19,22,3,1,0,164,1,51,6,46,10,3,1,32,61,14,0,7449,6139,5781,4836,2,35,338803,29,380,1,585,0,117,10,1874663,31,97547,76,76960,81,100,100,56
245,https://abcnews.go.com/Politics/dr-anthony-fauci-sunday-week-anchor-martha-raddatz/story?id=81278449,11,1,0,1,0,136,1,45,2,26,7,3,1,33,60,14,0,635,190,190,0,2,29,314549,26,305,1,576,0,117,10,1980094,31,95827,77,96600,79,100,100,56
246,https://abcnews.go.com/Politics/house-plans-vote-wednesday-censure-gop-rep-gosar/story?id=81212617,19,20,2,1,0,197,6,57,12,71,13,3,1,36,60,14,0,6741,5681,4778,3216,2,41,355657,33,495,3,926,0,117,10,2926647,36,185122,121,76960,68,100,100,32
247,https://abcnews.go.com/Politics/biden-pardon-turkeys-peanut-butter-jelly-ahead-thanksgiving/story?id=81254568,13,15,3,1,0,201,4,51,14,68,13,3,1,34,61,14,0,7252,5887,4833,3426,2,35,352244,34,490,0,857,0,117,10,2495644,35,144621,97,87070,72,100,100,46
248,https://abcnews.go.com/Politics/biden-physical-president-power-transferred-vp-harris/story?id=81259020,11,21,1,1,0,162,2,48,8,46,9,3,1,32,61,14,0,7868,6797,5994,4412,2,32,338874,40,442,1,839,0,275,27,2566051,38,154652,131,76960,68,99,100,54
249,https://abcnews.go.com/Politics/democracy-line-election-officials-face-ongoing-threats-jobs/story?id=81278394,18,15,5,1,0,179,1,57,10,64,10,3,1,32,61,14,0,5480,4122,2839,1847,6,37,345439,26,429,1,645,0,117,10,1818765,31,98367,75,66286,82,100,100,56
250,https://abcnews.go.com/Politics/booster-shot-experts-time/story?id=81203854,38,28,2,1,0,171,2,50,8,51,11,3,1,32,61,14,0,7338,5973,4847,3442,2,34,340536,38,573,1,1031,0,119,20,3647557,32,205369,111,208790,54,99,100,45
251,https://abcnews.go.com/Politics/biden-nominates-federal-reserve-chair-jerome-powell-term/story?id=81327136,14,20,7,1,0,178,5,51,8,56,10,3,1,35,60,14,0,8426,7275,7005,6502,2,35,349344,30,434,3,812,0,117,10,2657607,35,171837,110,76960,71,100,100,35
252,https://abcnews.go.com/Politics/majorities-back-maintaining-roe-wade-oppose-states-abortion/story?id=81095216,10,16,6,1,4,134,1,49,4,29,7,3,1,32,61,14,0,6151,5709,5165,4433,2,33,325986,26,306,1,582,0,117,10,1962034,32,96006,77,66286,81,100,100,55
253,https://abcnews.go.com/Politics/trump-impeachment-prosecutor-daniel-goldman-announces-run-york/story?id=81210190,10,6,1,1,0,149,1,50,4,38,9,3,1,33,60,14,0,3201,2245,1793,1088,2,34,325579,13,326,1,555,0,117,10,1806240,30,96695,74,66286,83,100,100,57
254,https://abcnews.go.com/Politics/rep-liz-cheney-ousted-wyoming-gop/story?id=81206853,20,15,4,1,0,182,1,57,10,55,9,3,1,32,61,14,0,5576,4348,3969,3451,2,41,340405,24,423,1,697,0,117,10,1905295,31,98060,76,76960,81,100,100,56
255,https://abcnews.go.com/Politics/biden-democrats-hit-road-show-infrastructure-law-americans/story?id=81204734,13,9,5,1,0,197,1,50,14,74,13,3,1,32,61,14,0,7402,6047,5178,3383,2,34,352047,32,475,1,747,0,117,10,1830625,31,99410,75,66286,82,100,100,56
256,https://abcnews.go.com/Politics/white-house-insists-biden-xi-friends-monday-meeting/story?id=81211812,14,26,8,1,0,185,1,51,10,61,11,3,1,32,61,14,0,6314,4735,4069,3220,2,35,342339,31,437,1,636,0,117,10,1892615,30,98328,74,76960,81,100,100,58
257,https://abcnews.go.com/Politics/secretary-state-antony-blinken-making-1st-trip-africa/story?id=81207112,17,17,6,1,0,170,1,53,8,51,11,3,1,32,61,14,0,7847,6817,6338,5578,3,36,341575,22,392,1,581,0,117,10,1847685,31,98235,75,66286,82,100,100,56
258,https://abcnews.go.com/Politics/clock-ticks-house-passing-social-spending-infrastructure-bill/story?id=81208211,17,22,6,1,0,158,1,46,6,44,10,3,1,32,61,14,0,5134,3968,3098,2013,2,30,330424,28,362,1,595,0,117,10,1877845,31,97018,76,76960,81,100,100,56
259,https://abcnews.go.com/Politics/democrats-seek-short-term-gains-long-term-investments/story?id=81212242,23,10,4,1,0,152,1,57,6,45,7,3,1,32,61,14,0,5777,4895,4316,3656,3,40,334019,27,374,1,609,0,117,10,2042278,31,97206,79,108286,77,100,100,56
260,https://abcnews.go.com/Politics/gas-prices-soaring-biden-calls-probe-illegal-conduct/story?id=81230075,14,16,7,1,0,159,3,50,6,43,9,3,1,32,61,14,0,4622,3980,3636,3100,2,34,331382,20,487,1,979,0,297,27,3230653,44,337687,144,66286,61,99,100,53
261,https://abcnews.go.com/Politics/catholic-bishops-approve-guidance-communion-pro-abortion-rights/story?id=81206649,7,11,3,1,0,155,1,47,6,43,10,3,1,32,61,14,0,4898,4284,3696,2844,2,31,329186,21,349,1,598,0,117,10,1839399,31,96794,75,66286,83,100,100,56
262,https://thehill.com/homenews/senate/582657-warren-to-oppose-powell-for-new-fed-term-citing-regulation-failures,19,21,8,1,16,407,0,294,13,90,3,27,2,87,32,16,2,5797,2559,1577,895,6,20,174076,15,1186,19,268,1,192,19,670550,1,52325,34,107252,80,88,50,84
263,https://thehill.com/homenews/senate/582457-senate-democrats-look-to-fix-ugly-polling-numbers,20,45,7,1,16,411,0,324,17,112,3,27,2,91,32,16,2,9681,5841,4791,2137,6,19,188059,37,1270,19,282,1,192,19,688073,1,53306,38,107252,80,88,50,84
264,https://thehill.com/policy/healthcare/582612-over-90-percent-of-federal-workers-vaccinated-by-deadline,15,16,3,1,16,407,0,266,9,77,3,27,2,87,32,16,2,4806,2276,1557,1216,6,19,168404,12,1138,19,256,1,192,19,652178,1,52051,30,107252,81,88,50,86
265,https://thehill.com/regulation/court-battles/582645-jan-6-committee-tells-court-it-urgently-needs-trump-records,15,20,6,1,15,406,0,266,8,64,3,27,2,87,32,16,2,5699,3319,2462,2305,6,20,169066,13,1123,19,251,1,192,19,650400,1,52072,29,107252,81,88,50,86
266,https://thehill.com/homenews/campaign/582588-welch-to-seek-senate-seat-in-vermont,15,7,4,1,16,356,0,276,10,88,3,9,2,87,32,16,2,4655,2344,1276,801,6,23,163818,18,1086,19,245,1,187,19,654488,1,51250,31,0,83,88,50,85
267,https://thehill.com/policy/healthcare/582652-house-covid-19-panel-seeks-interview-with-former-trump-fda-leader-hahn,23,19,5,1,16,409,0,269,9,79,3,27,2,89,32,16,2,5497,2874,2007,1497,6,19,169358,15,1149,19,255,1,192,19,653236,1,52093,30,107252,81,88,50,86
268,https://thehill.com/policy/finance/budget/582426-one-of-senates-most-powerful-spending-committees-could-be-led-by-women,14,21,6,1,15,410,1,322,16,138,3,27,2,91,32,16,2,8547,4523,3157,2105,6,26,186369,31,1288,19,313,1,192,19,718794,3,53182,40,107252,78,88,50,80
269,https://thehill.com/homenews/campaign/582632-72-percent-of-arizona-democrats-say-they-would-prefer-democrat-other-than,17,4,4,1,16,356,0,284,11,82,3,9,2,87,32,16,2,4820,2134,1205,1033,6,19,165359,15,1083,19,251,1,187,19,669298,1,51542,32,107252,81,88,50,84
270,https://thehill.com/homenews/media/582647-cnn-airs-live-censorship-in-china-when-covering-tennis-star,27,8,6,1,16,356,0,292,11,81,3,9,2,87,32,16,2,5266,2625,1561,878,6,28,167970,25,1105,19,260,1,187,19,657718,1,51729,32,107252,81,88,50,84
271,https://thehill.com/policy/technology/582655-democrats-press-facebook-over-inconsistency-on-ad-targeting-for-teens,15,24,8,1,15,408,0,275,10,83,3,27,2,89,32,16,2,6044,3510,2340,1990,6,21,172684,15,1158,19,254,1,192,19,658361,1,52205,31,107252,81,88,50,85
272,https://thehill.com/homenews/campaign/582431-pence-to-give-speech-on-abortion-battle-ahead-of-supreme-court-case,14,12,5,1,16,359,0,260,8,65,3,9,2,87,32,16,2,4696,2652,1945,1457,6,21,161440,15,1042,19,252,1,187,19,646682,1,51141,29,107252,81,88,50,86
273,https://thehill.com/homenews/campaign/582433-republicans-eager-to-take-on-spanberger-in-virginia,19,24,11,1,16,363,0,305,14,99,3,9,2,91,32,16,2,10259,6950,5218,3816,6,19,179416,37,1157,19,261,1,187,19,674946,1,52451,35,107252,81,88,50,84
274,https://thehill.com/homenews/sunday-talk-shows/582550-biden-administration-democrats-optimistic-as-social-spending-bill,18,16,5,1,16,351,0,328,17,125,3,9,2,83,32,16,2,7074,3605,2671,2478,6,26,176916,24,1178,19,257,1,187,19,693641,1,52308,38,107252,81,88,50,84
275,https://thehill.com/changing-america/enrichment/arts-culture/582639-jeff-bezos-is-donating-100-million-to-the-obama,66,9,4,1,3,112,0,157,28,17,3,10,2,44,33,14,2,4437,2353,2227,1250,0,17,98316,26,610,13,98,0,57,4,959618,3,35192,46,36196,86,100,50,84
276,https://thehill.com/homenews/senate/582620-bipartisan-senators-press-fbi-inspector-general-for-changes-following-nassar,37,27,8,1,16,409,0,270,9,85,3,27,2,89,32,16,2,7161,4409,3291,2602,6,23,175850,20,1161,19,271,1,192,19,656559,1,52420,30,0,82,88,50,86
277,https://thehill.com/opinion/energy-environment/582635-cutting-industry-emissions-another-reason-senate-must-pass-build,13,18,6,1,16,409,0,272,7,60,3,27,2,86,32,16,2,7204,4795,3963,3806,6,36,174471,17,1134,19,248,1,192,19,684474,1,52471,29,107252,80,88,50,87
278,https://thehill.com/policy/healthcare/582512-trump-tells-former-aide-navarro-to-protect-executive-privilege-in-house,16,18,4,1,16,409,0,267,8,79,3,27,2,89,32,16,2,5642,3141,2276,1465,6,25,171745,21,1158,19,256,1,192,19,650732,1,52179,29,107252,81,88,50,86
279,https://thehill.com/policy/defense/582629-chinese-hypersonic-missile-test-revealed-unprecedented-military-capability,12,23,5,1,15,408,0,262,8,68,3,27,2,89,32,16,2,5141,2813,1840,1501,6,22,169537,16,1129,19,238,1,192,19,649330,1,52029,29,107252,81,88,50,86
280,https://thehill.com/policy/defense/air-force/582617-air-force-pilot-killed-others-hurt-in-accident-on-runway-at-texas,12,12,5,1,15,405,0,255,7,58,3,27,2,87,32,16,2,4373,2142,1060,232,6,22,165604,15,1107,19,273,1,192,19,679448,1,51820,29,107252,80,88,50,87
281,https://thehill.com/policy/international/russia/582603-us-intelligence-shows-preparations-for-rapid-russian-push-into,15,23,7,1,15,408,0,264,8,65,3,27,2,89,32,16,2,5586,3143,1997,1305,6,22,169590,16,1128,19,249,1,192,19,650177,1,51991,29,107252,81,88,50,86
282,https://thehill.com/policy/defense/marine-corps/582554-marines-on-track-to-have-militarys-lowest-vaccine-compliance,19,17,3,1,15,406,0,263,8,64,3,27,2,87,32,16,2,5226,2966,1748,1591,6,21,167801,15,1122,19,280,1,192,19,649798,1,51930,29,0,83,88,50,86
283,https://thehill.com/policy/finance/581593-biden-renominates-powell-as-fed-chair-nominates-brainard-as-vice-chair,19,19,21,1,15,410,1,299,13,91,3,27,2,91,32,16,2,9087,6028,5062,4358,6,19,181594,29,1213,19,277,1,192,19,717039,3,52794,37,107252,78,88,50,80
284,https://thehill.com/policy/healthcare/582616-fauci-warns-about-prematurely-dropping-mask-mandate-as-dc-lifts-requirement,14,25,6,1,16,409,0,275,9,82,3,27,2,89,32,16,2,5151,2667,1478,813,6,21,172152,16,1159,19,280,1,192,19,652885,1,52258,30,107252,81,88,50,86
285,https://thehill.com/policy/technology/overnights/582430-hillicon-valley,36,30,6,1,15,414,0,318,20,121,3,27,2,87,32,16,2,10210,6678,5222,4055,6,41,186445,69,1341,19,272,1,192,19,1013032,2,53210,41,107252,79,88,50,84
286,https://www.aljazeera.com/news/2021/11/22/lukashenko-warns-against-flare-up-as-poland-belarus-border-crisis-continues,13,25,10,1,5,424,13,63,13,265,83,4,0,80,34,191,20,8792,7520,5511,4965,15,161,623511,49,1424,0,2805,33,159,710,5766434,57,244309,139,0,-23,-106,100,42
287,https://www.aljazeera.com/news/2021/11/22/us-must-accept-reality-lift-sanctions-says-irans-negotiator,40,33,13,1,3,339,11,66,13,186,60,4,0,78,34,191,20,11128,9738,8642,7062,15,161,567577,46,1179,0,1855,15,159,709,3331147,39,214683,95,0,33,-21,100,55
288,https://www.aljazeera.com/news/2021/11/22/refugees-crossing-polish-border-recite-tales-of-horror,13,32,8,1,5,174,7,65,15,29,14,4,0,72,32,191,18,12481,10720,8469,6912,15,161,449099,55,555,0,1501,1,99,692,2202823,49,168420,111,0,62,28,100,57
289,https://www.aljazeera.com/news/2021/11/22/interim-leader-dbeibah-to-run-for-libyan-elections,13,19,10,1,4,252,4,64,15,103,36,4,0,54,24,191,19,8223,7087,5764,4708,15,161,541114,30,937,0,2435,13,162,710,4129773,75,232870,188,0,26,-24,100,36
290,https://www.aljazeera.com/news/2021/11/22/sudans-reinstated-pm-hamdok-promises-a-path-to-democracy,10,27,7,1,4,343,11,63,13,188,60,4,0,78,33,191,20,9959,8675,6890,5121,15,161,582279,51,1136,0,2495,21,159,709,4060002,57,244853,131,0,28,-49,100,46
291,https://www.aljazeera.com/news/2021/11/22/the-diverse-cast-bringing-rumi-alive-to-londons-west-end,5,21,16,1,5,185,7,65,16,36,14,4,0,72,32,191,18,8943,7963,5854,4676,15,161,497151,31,566,0,1369,1,99,692,2383245,49,171413,111,0,61,28,100,57
292,https://www.aljazeera.com/news/2021/11/22/several-dead-as-car-plows-through-waukesha-christmas-parade,24,29,7,1,3,145,8,56,13,18,14,4,0,74,31,191,18,9108,8342,6462,5062,15,161,353939,31,581,0,1884,1,106,692,3061375,63,213531,172,0,47,15,100,41
293,https://www.aljazeera.com/news/2021/11/22/xi-china-will-not-seek-dominance-over-southeast-asia,16,25,16,1,5,339,6,64,15,184,59,4,0,56,25,191,19,9986,8662,6524,5838,15,161,586692,47,1146,0,2327,21,159,709,4544407,57,243373,132,0,11,-49,100,43
294,https://www.aljazeera.com/economy/2021/11/22/small-businesses-bear-the-brunt-of-nigerian-separatist-lockdowns,13,31,14,1,4,131,7,59,11,18,14,4,0,72,32,191,17,10604,9844,9464,9464,15,161,342071,27,457,0,1248,1,99,692,2007248,49,165458,110,0,64,28,100,57
295,https://www.aljazeera.com/news/2021/11/22/in-first-us-added-to-annual-list-of-backsliding-democracies,19,21,7,1,4,331,6,70,13,197,59,4,0,56,25,191,19,8081,6999,5527,4797,15,161,513545,40,1148,0,2317,21,159,709,5586383,57,241233,132,0,-12,-49,100,45
296,https://www.aljazeera.com/economy/2021/11/22/imf-revives-6bn-bailout-for-pakistans-economy,22,24,10,1,3,174,7,62,14,24,14,4,0,72,31,191,18,8584,7497,6170,5138,15,161,472092,27,529,16,1370,1,99,692,2162574,48,180539,111,0,58,27,100,58
297,https://www.aljazeera.com/economy/2021/11/22/biden-taps-powell-for-second-term-as-federal-reserve-chief,19,37,13,1,4,166,7,63,15,24,14,4,0,72,32,191,18,11000,9934,9455,7330,15,161,443582,32,518,0,1328,1,99,692,2310656,49,168595,111,0,62,28,100,58
298,https://www.aljazeera.com/news/2021/11/22/oman-qatar-sign-six-agreements-during-sultans-visit-to-doha,10,16,9,1,3,161,8,60,13,22,14,4,0,74,31,191,18,6355,5366,4632,4445,15,161,419587,15,504,0,1436,1,99,692,2631370,51,195817,132,0,57,28,100,49
299,https://www.aljazeera.com/news/2021/11/22/bahrain-foils-planned-attack-accuses-iran,9,19,8,1,3,162,7,59,13,22,14,4,0,72,31,191,18,6292,5183,4223,3903,15,161,408975,17,489,0,1292,1,99,692,2493755,49,172290,118,0,60,28,100,58
300,https://www.latimes.com/world-nation/story/2021-11-22/suv-driver-wisconsin-parade-crash,17,25,3,1,0,242,5,207,10,62,9,2,2,74,38,32,16,7378,5945,4942,3729,1,221,313593,77,1023,1,1034,0,84,25,1761046,60,168795,122,0,78,100,100,51
301,https://www.latimes.com/business/story/2021-11-22/buy-nothing-groups-dont-have-supply-chain-holiday-shopping-problems,23,62,8,1,0,275,6,237,17,65,9,2,2,74,48,32,16,13154,11007,8665,6693,2,249,361967,113,1163,1,1069,0,84,25,1873994,60,168348,122,0,78,100,100,51
302,https://www.latimes.com/california/story/2021-11-22/fat-leonard-goes-public-with-a-surprise-podcast-navy-corruption-scandal,13,37,8,1,3,251,5,214,12,63,9,2,2,74,39,32,16,13448,11228,10616,8893,1,227,331095,91,1070,1,1075,0,84,25,1806098,60,167966,121,0,78,100,100,51
303,https://www.latimes.com/california/story/2021-11-22/california-farmworkers-migration-heat-high-prices,16,27,1,1,0,273,5,221,17,66,9,2,2,74,40,32,16,12195,10341,8038,6694,1,234,349241,94,1131,1,1039,0,84,25,1797254,60,167433,121,0,78,100,100,51
304,https://www.latimes.com/entertainment-arts/tv/story/2021-11-22/fox-contributors-jonah-goldberg-stephen-hayes-quit-over-tucker-carlson-jan-6-documentary,23,22,4,1,0,257,5,226,19,66,9,2,2,74,40,32,16,5559,3988,2966,2294,1,239,353861,69,1147,1,1188,0,84,25,1756545,64,168441,135,0,76,99,100,45
305,https://www.latimes.com/california/story/2021-11-22/skelton-california-newsom-projection-budget-surplus-gann-limit,12,28,5,1,0,252,5,220,12,66,9,2,2,74,41,32,16,7573,5334,4077,2865,1,233,324719,89,1080,1,1221,0,84,25,1623918,60,166077,121,0,78,100,100,52
306,https://www.latimes.com/california/story/2021-11-21/magnitude-3-0-earthquake-hits-near-ridgecrest,13,8,0,1,0,247,5,223,10,62,9,2,2,74,40,32,16,2894,1262,764,265,1,236,310018,53,1089,1,1198,0,84,25,1751778,64,164819,129,0,77,99,100,45
307,https://www.latimes.com/california/story/2021-11-22/colorados-covid-19-surge-is-an-urgent-warning-for-california,46,43,6,1,0,287,8,267,18,69,9,2,2,74,44,32,16,14853,12124,9871,7307,1,279,376487,126,1361,1,1786,0,96,39,2435670,63,169307,149,0,55,75,100,47
308,https://www.latimes.com/politics/story/2021-11-21/redistricting-jockeying-latinos-asian-americans-lgbtq,16,46,15,1,0,251,6,224,12,65,9,2,2,74,48,32,16,9161,7492,6617,5213,1,237,332454,85,1082,1,1251,0,84,25,1630929,60,166624,121,0,78,100,100,51
309,https://www.latimes.com/california/newsletter/2021-11-19/california-politics-the-decade-that-rescued-the-state-budget-ca-politics,16,28,8,1,5,220,5,219,11,61,8,2,2,75,41,31,14,8497,6116,5015,4113,1,230,312798,63,1021,1,1016,0,83,25,1683937,60,167075,121,0,79,100,100,52
310,https://www.latimes.com/politics/story/2021-11-18/republican-kevin-faulconer-eyes-rematch-with-gavin-newsom,18,24,7,1,0,253,5,240,12,66,9,2,2,74,42,32,16,6199,4436,3537,2674,1,253,329941,81,1161,1,1094,0,84,25,1747233,65,166372,130,0,77,99,100,45
311,https://www.latimes.com/california/story/2021-11-17/huge-california-state-budget-surplus-will-test-legal-spending-limit-analysts-report,11,14,4,1,0,242,5,216,10,66,9,2,2,74,41,32,16,5465,3935,3935,3240,1,229,309177,52,1022,1,1042,0,84,25,1731387,60,165057,119,0,79,100,100,51
312,https://www.latimes.com/california/story/2021-11-21/orange-county-businessman-anti-covid-vaccine-venice,15,36,7,1,0,254,5,213,13,65,9,2,2,74,41,32,16,8349,6876,6002,4562,1,226,323202,68,1115,1,1086,0,84,25,1773425,64,167597,127,0,77,99,100,45
313,https://www.latimes.com/california/story/2021-11-16/remote-in-person-work-covid-safety-household-famiy,12,5,2,1,0,238,6,212,10,64,9,2,2,75,41,32,16,2032,712,712,547,1,225,301667,44,1142,1,1125,0,442,49,2257882,66,166020,135,137640,62,98,0,51
314,https://www.latimes.com/california/story/2021-11-16/stranded-by-the-pandemic-he-had-only-travel-insurance-it-left-him-with-a-38-000-bill,15,29,7,1,0,247,5,215,11,60,9,2,2,74,39,32,16,7606,6193,5867,5108,1,229,320920,71,1033,1,1171,0,84,25,1720861,60,166088,121,0,78,100,100,51
315,https://www.latimes.com/california/story/2021-11-18/california-community-college-students-choosing-jobs-over-class-likely-fuel-enrollment-drop,14,19,3,1,0,242,5,213,11,66,9,2,2,77,41,32,16,6570,5236,5015,4123,1,226,314257,57,1023,1,1036,0,84,25,1721996,61,165310,122,0,79,100,100,52
316,https://www.latimes.com/politics/story/2021-11-16/jackie-speier-to-retire-from-congress,9,25,7,1,0,258,5,232,13,71,9,2,2,74,42,32,16,7908,6157,4545,3847,1,244,330660,84,1114,1,1020,0,84,25,1669191,61,166316,123,0,79,100,100,51
317,https://www.latimes.com/california/story/2021-11-17/california-medical-board-member-calls-out-his-colleagues,20,52,9,1,0,279,5,233,17,66,9,2,2,77,42,32,16,17194,14765,12985,11173,1,246,363572,130,1242,1,1175,0,84,25,1726279,64,173668,128,0,76,99,100,45
318,https://www.latimes.com/california/story/2021-11-15/skelton-salt-cap-congress-california,28,26,6,1,0,252,5,220,12,66,9,2,2,74,41,32,16,7580,5766,4053,2992,1,233,323326,85,1076,1,1037,0,84,25,1752338,61,168466,121,0,78,99,100,51
319,https://www.latimes.com/politics/story/2021-11-11/california-congressional-redistricting-latino-roybal-allard,9,21,9,1,0,256,5,228,13,65,9,2,2,74,41,32,16,6521,4910,3939,2829,1,241,326697,74,1139,1,1044,0,84,25,1672994,60,164530,119,0,79,99,100,51
320,https://www.latimes.com/california/story/2021-11-17/as-garcetti-waits-senators-review-allegations-in-harassment-lawsuit-involving-key-aide,11,16,4,1,0,252,5,225,12,65,9,2,2,74,41,32,16,7129,5256,4822,4260,1,238,324867,70,1123,1,1089,0,84,25,1627649,59,165723,118,0,79,99,100,51
321,https://crooksandliars.com/2021/11/lofgren-many-jan-6th-committee-witnesses,19,13,2,0,5,495,20,156,52,49,2,3,2,98,43,31,21,5162,3363,3236,2560,55,75,256368,14,3356,0,6056,2,302,165,10392904,189,679200,653,147780,-78,42,100,-287
322,https://crooksandliars.com/2021/11/chuck-todd-lets-goper-claim-dems-have,22,12,2,0,5,492,20,146,52,49,2,3,2,98,42,31,21,4420,2386,2386,1883,55,69,254345,14,3279,0,5929,2,366,171,9962447,191,607246,628,147780,-64,57,100,-270
323,https://crooksandliars.com/2021/11/kevin-mccarthy-moans-about-dems-heckling,17,8,1,0,5,492,22,145,52,49,2,3,2,101,42,33,21,4173,2253,2146,1492,55,71,257673,13,3521,0,6846,2,367,173,10452982,198,674989,667,147780,-87,1,100,-304
324,https://americasfreedomfighters.com/muslim-texas/,162,12,8,3,2,195,20,114,37,79,2,36,4,117,42,65,16,8785,7553,6720,6226,3,152,168426,32,2163,27,2622,2,688,117,3532525,57,170432,270,25664,17,20,-200,13
325,https://americasfreedomfighters.com/hilarious-joke-about-nancy-pelosi-and-chuck-schumer-has-democrats-seething-8/,113,12,0,3,2,191,18,113,38,76,2,36,4,116,40,65,16,4625,3126,1422,619,3,151,166821,37,2146,0,2545,2,691,117,4182496,59,172521,268,25664,19,20,-200,16
326,https://americasfreedomfighters.com/chemical-weapons-attack/,159,13,3,4,2,192,22,118,38,82,2,36,4,117,41,65,16,5688,4243,2885,1712,3,156,170522,43,2082,0,2223,2,691,117,3593798,55,232691,256,25664,19,20,-200,25
327,https://americasfreedomfighters.com/crazy-terrorist-black/,310,16,2,3,2,192,21,117,37,79,2,36,4,118,42,65,16,6547,5010,3547,2531,3,155,171997,50,2172,0,2759,2,691,118,4233444,61,230047,291,25664,17,20,-200,9
328,https://americasfreedomfighters.com/watch-as-kid-spots-cop-eating-alone-in-diner-walks-up-and-gives-him-something-hell-never-forget-2/,111,12,0,3,2,194,21,116,36,77,2,36,4,118,40,65,16,4402,2791,2158,1163,6,150,169000,39,2220,0,3886,2,1039,145,6621525,73,229304,390,25664,-19,-43,-400,-22
329,https://americasfreedomfighters.com/steve-bannon-indicted/,109,9,8,3,2,197,16,113,37,79,2,36,4,116,41,65,16,6412,4713,3586,3092,3,151,166517,39,2178,0,3178,2,688,118,3527421,57,170603,280,25664,19,20,-200,11
330,https://americasfreedomfighters.com/riots-fires-and-bloodshed/,113,14,2,3,2,192,20,114,37,79,2,36,4,117,41,65,16,4993,3722,2883,1897,3,152,167107,29,2117,0,3036,2,688,116,3601903,57,178044,275,25664,18,20,-200,11
331,https://americasfreedomfighters.com/shooting-trump-supporters/,112,21,0,3,2,191,16,115,38,79,2,36,4,116,41,65,16,6274,4830,3860,3046,3,153,166092,36,2085,24,2627,2,688,117,4753775,58,238149,261,25664,17,20,-200,22
332,https://americasfreedomfighters.com/breaking-authorities-just-made-alarming-find-buried-by-where-muslims-bought-cellphones/,113,10,0,4,2,191,16,114,36,76,2,36,4,116,40,65,16,4884,3395,2762,2268,4,151,166625,27,2066,24,2485,2,688,115,3593377,57,172150,269,25664,18,20,-200,17
333,https://americasfreedomfighters.com/what-happens-next-is/,111,14,1,3,2,191,18,112,38,76,2,36,4,116,40,65,16,5492,3540,2211,1544,4,149,166672,42,2158,0,2229,2,691,118,3581677,55,172409,257,25664,20,20,-200,25
334,https://americasfreedomfighters.com/fda-makes/,153,22,2,3,8,192,20,124,37,80,2,36,4,117,41,65,16,9981,7314,4264,2584,4,159,175419,55,2233,24,2424,2,688,119,3506248,56,169485,263,25664,17,20,-200,20
335,https://americasfreedomfighters.com/man-has-to-say/,113,18,0,3,2,192,21,113,37,76,2,36,4,117,40,65,16,4921,3586,2988,2339,4,150,167098,28,2502,24,2662,2,755,127,4411248,63,240498,279,25664,11,20,-200,21
336,https://americasfreedomfighters.com/texas-they-got-son/,140,3,6,4,2,195,20,114,37,81,2,36,4,117,41,65,16,5406,4017,3033,2200,3,152,165704,27,2123,27,2408,2,688,119,3675811,57,237474,263,25664,17,20,-200,21
337,https://americasfreedomfighters.com/breaking-war-alert/,109,10,1,3,2,192,18,118,37,80,2,36,4,118,41,65,16,5502,4071,3343,2299,3,156,165536,34,2190,0,2620,2,688,118,4124108,62,283038,283,25664,17,20,-200,11
338,https://americasfreedomfighters.com/clinton-insider-exposes-obamas-biggest-secret-massive-cash-bribe-to-rig-the-election/,106,15,4,3,2,192,16,117,37,76,2,36,4,116,40,65,16,5746,3892,2793,1581,3,155,168050,42,2117,25,2280,2,688,117,3582519,57,171031,260,25664,18,20,-200,21
