id;url;exclamation_count;words_to_avoid_count;smart_words_count;h1_count;h2_count;div_count;iframe_count;a_count;img_count;span_count;button_count;input_count;form_count;script_count;meta_count;link_count;style_count;text_longer_than_50_characters_count;text_longer_than_100_characters_count;text_longer_than_150_characters_count;text_longer_than_200_characters_count;http_references;https_references;total_code_length;p_count;ylt_DOMelementsCount;ylt_DOMelementMaxDepth;ylt_scriptDuration;ylt_jsErrors;ylt_cssColors;ylt_cssDuplicatedProperties;ylt_totalWeight;ylt_domains;ylt_compression;ylt_totalRequests;ylt_heavyFonts;ylt_global_score;ylt_badJavascript_score;ylt_jQuery_score;ylt_serverConfig_score;binary_rating;categorical_rating
4;https://edition.cnn.com/2021/09/06/asia/taliban-afghanistan-pregnant-policewoman-murder-intl/index.html;2;0;11;1;1;387;4;275;5;89;50;39;2;67;44;61;12;5862;4385;3193;2711;1;43;1391368;27;1818;24;10995;0;112;479;3402031;39;458049;138;36064;13;97;70;40;1;3
5;https://edition.cnn.com/2021/09/06/americas/columbus-statue-indigenous-woman-mexico-city-cec/index.html;0;1;0;1;0;210;3;253;7;11;4;2;2;59;44;61;3;2571;2231;1967;1485;1;23;1218772;5;1887;24;9422;0;112;479;3548487;39;458831;134;41216;19;97;70;42;1;3
6;https://edition.cnn.com/2021/09/06/entertainment/stanley-tucci-cancer/index.html;2;0;11;1;2;401;4;271;6;90;51;39;2;75;44;63;12;3788;2367;811;620;2;45;1677485;28;1926;24;6949;0;117;587;4748839;41;598947;163;54200;22;97;70;35;1;3
7;https://edition.cnn.com/2021/09/06/world/perseverance-rover-mars-sample-helicopter-scn/index.html;5;3;3;1;1;295;3;256;14;17;5;2;2;77;44;63;14;3347;2926;2557;2021;1;22;1411311;6;1967;24;9686;0;113;542;3988747;42;594764;156;36064;14;97;70;33;1;3
8;https://www.bbc.com/news/av/world-asia-india-58498881;2;3;7;1;4;246;1;104;15;203;7;0;0;47;22;4;3;3385;1690;379;220;0;55;266009;24;2053;24;1002;0;19;16;1275281;17;49244;56;134516;82;100;100;69;1;4
9;https://www.bbc.com/news/world-asia-58495112;7;23;15;1;8;334;0;118;17;151;5;0;0;56;30;4;4;10808;8538;6374;4588;0;71;266709;66;2085;22;967;0;19;19;1484116;14;60651;60;131076;83;100;100;81;1;4
10;https://www.bbc.com/news/uk-58507436;16;5;8;1;10;300;1;126;12;141;6;0;0;59;30;4;4;6399;4665;2510;1482;0;73;242706;47;2031;22;824;0;19;20;1138799;16;60647;60;82432;83;100;100;74;1;4
11;https://www.bbc.com/news/world-asia-china-58511173;8;5;13;1;10;300;1;114;13;136;5;0;0;59;30;5;4;6133;4507;1909;696;0;69;241425;49;2001;22;684;0;19;21;1146468;16;60775;59;82432;84;100;100;75;1;4
12;https://www.bbc.com/news/science-environment-58507100;8;36;10;1;8;292;0;113;18;146;5;0;0;56;30;4;4;8074;6142;3276;2258;0;71;252454;51;2012;22;560;0;19;20;1335932;14;58696;59;159872;85;100;100;81;1;4
13;https://www.usmagazine.com/entertainment/pictures/bachelor-in-paradise-couples-that-are-still-together-pics/;14;10;11;1;0;347;5;133;42;196;53;24;0;59;35;29;6;6739;3214;1560;1198;0;149;451042;49;682;0;1295;0;137;56;1485230;14;321073;63;0;76;99;100;94;0;3
14;https://www.usmagazine.com/entertainment/news/cheryl-burke-calls-out-harsh-dwts-judges-amid-covid-recovery/;18;17;11;1;0;344;5;136;42;196;53;24;0;57;35;30;6;6935;3205;1770;723;0;154;397308;52;1158;15;1338;0;134;46;1468310;14;316683;62;0;76;99;100;94;0;3
15;https://www.usmagazine.com/entertainment/pictures/matt-damon-and-ben-afflecks-bromance-2012279/;15;16;12;1;0;347;5;130;42;196;53;24;0;59;35;29;6;5958;2495;831;831;0;146;483088;49;1154;14;1314;0;137;56;1471078;14;321873;63;0;76;99;100;94;0;3
16;https://www.usmagazine.com/entertainment/news/dwts-jojo-siwa-details-extreme-personal-problem-amid-disney-week/;14;7;13;1;0;345;5;138;43;198;53;24;0;57;34;30;6;6740;2326;595;439;0;156;400104;53;1172;15;1324;0;134;46;1464904;14;315402;62;0;76;99;100;94;0;3
17;https://www.usmagazine.com/entertainment/pictures/bridgerton-season-2-everything-we-know-so-far/;13;10;11;1;0;346;5;132;42;197;53;24;0;59;35;29;6;6875;3046;1262;770;0;148;521514;50;1164;14;1335;0;137;56;1449712;15;325707;63;0;75;99;100;94;0;3
18;https://edition.cnn.com/2021/09/06/asia/tse-chi-lop-sunblock-intl-hnk-dst/index.html;4;37;14;1;1;445;4;294;12;87;50;39;2;65;44;62;15;24538;23360;21168;17486;1;61;1434125;26;1520;21;1542;1;113;489;3735402;28;398429;80;35992;51;86;70;65;1;3
19;https://www.bbc.com/news/av/technology-58488235;2;1;7;1;4;282;1;110;18;237;7;0;0;47;22;4;3;3627;1307;0;0;1;56;294624;26;2173;24;324;0;19;15;1286022;17;52355;58;184224;83;100;100;68;1;4
20;https://www.bbc.com/news/world-asia-58502199;15;11;9;1;13;325;0;117;15;146;5;0;0;56;30;5;3;9409;7566;5896;5236;0;74;256574;55;2065;22;417;0;19;21;1265802;14;62234;57;159872;85;100;100;81;1;4
21;https://www.bbc.com/news/world-asia-58477131;1;14;8;1;6;258;0;83;14;94;5;0;0;51;30;5;3;13364;12095;10133;7203;0;61;252784;80;750;18;98;0;19;19;1066559;8;58236;33;110164;92;100;100;82;1;4
22;https://www.bbc.com/news/av/world-us-canada-58509703;2;1;8;1;4;258;1;111;16;220;7;0;0;47;22;4;3;3222;1375;178;0;0;55;275937;22;2105;24;341;0;19;16;1332606;17;51997;57;211956;83;100;100;69;1;4
23;https://www.bbc.com/news/world-europe-58510192;5;2;8;1;8;243;0;111;13;132;5;0;0;56;30;4;3;3763;2259;842;661;0;65;214243;30;1906;22;294;0;19;19;1067942;14;57256;57;159872;86;100;100;80;1;4
24;https://www.bbc.com/sport/tennis/58511033;64;29;20;5;69;1671;11;256;29;640;197;95;2;174;24;22;53;18290;13530;9489;4724;2;96;2024050;92;4280;1;1951;0;180;568;3254634;34;335454;136;170372;-1;-116;100;49;1;4
25;https://www.usmagazine.com/entertainment/news/pieper-james-is-dating-brendan-morais-still-questioning-his-actions/;12;14;12;1;0;344;5;135;43;199;53;24;0;56;34;29;6;8622;4775;2904;2748;0;152;401437;50;1155;15;555;0;134;46;1411940;14;300638;62;0;80;99;100;95;0;3
26;https://www.usmagazine.com/entertainment/news/jesse-palmer-seemingly-confirms-clayton-echard-is-season-26-bachelor/;14;6;13;1;0;340;5;140;42;198;53;24;0;56;35;29;6;7195;3095;1080;880;0;157;394182;52;1158;15;576;0;134;46;1449703;14;297915;61;0;80;99;100;95;0;3
27;https://www.usmagazine.com/entertainment/pictures/sister-wives-season-16-everything-to-know/;13;14;11;1;0;346;5;132;42;198;53;24;0;59;35;29;6;5951;1986;701;548;6;142;418572;50;1146;14;570;0;137;56;1411015;15;300263;63;0;79;99;100;94;0;3
28;https://www.usmagazine.com/entertainment/news/kyle-richards-rhobh-reunion-and-michael-myers-are-terrifying/;16;9;11;1;0;344;5;144;43;200;53;24;0;57;34;30;6;6965;3071;1459;1145;0;162;399945;51;1188;15;1684;0;134;46;1417645;15;296428;63;0;72;99;100;94;0;3
29;https://www.usmagazine.com/entertainment/pictures/game-of-thrones-prequel-series-everything-we-know/;14;4;11;1;0;346;5;133;42;198;53;24;0;59;35;29;6;6541;2634;1108;231;0;149;436065;51;1179;14;1481;0;137;56;1421271;15;301410;63;0;73;99;100;93;0;3
30;https://www.usmagazine.com/entertainment/pictures/ivan-hall-shares-new-bachelor-in-paradise-secrets/;12;9;12;1;0;346;5;131;42;198;53;24;0;59;34;29;6;7282;3277;1523;1337;0;147;419411;52;1159;14;1339;0;137;56;1404652;15;300906;63;0;75;99;100;94;0;3
31;https://www.usmagazine.com/entertainment/news/kenya-moore-thought-she-broke-her-ribs-during-dwts-disney-week/;16;10;12;1;0;344;5;138;43;200;53;24;0;57;34;30;6;6996;3153;956;614;0;156;396301;51;1177;15;1241;0;134;46;1477285;15;296477;63;0;76;99;100;94;0;3
32;https://www.usmagazine.com/entertainment/pictures/stranger-things-season-4-everything-we-know-so-far/;14;5;12;1;0;346;5;133;42;198;53;24;0;59;35;29;6;7216;3067;1390;1198;0;149;447887;53;1165;14;1350;0;137;56;1456936;15;301809;63;0;75;99;100;94;0;3
33;https://www.usmagazine.com/entertainment/news/rhobh-provided-a-lot-of-evidence-against-erika-jayne-lawyer-says/;18;15;11;1;0;343;5;135;42;197;53;24;0;57;35;30;6;8695;4692;3161;2790;0;153;397588;50;1153;15;1371;0;134;46;1465966;15;297040;62;0;76;99;100;94;0;3
34;https://www.usmagazine.com/entertainment/pictures/scream-5-everything-we-know-about-the-upcoming-slasher-film/;12;11;13;1;0;346;5;130;42;198;53;24;0;59;35;29;6;6700;3008;1485;615;0;146;440871;51;1163;14;1190;0;137;56;1409494;15;301376;63;0;76;99;100;94;0;3
35;https://www.usmagazine.com/entertainment/news/dwts-fans-react-to-matt-james-lindsay-arnolds-confusing-exit/;17;4;11;1;0;344;5;148;43;199;53;24;0;57;35;30;6;6777;2358;839;473;0;166;396901;52;1186;15;1365;0;134;46;1596209;15;289207;62;0;76;99;100;94;0;3
36;https://www.usmagazine.com/entertainment/pictures/greys-anatomy-scott-speedman-returns-full-time-after-season-14-role/;19;9;11;1;0;346;5;131;42;197;53;24;0;59;35;29;6;7742;3533;1613;1277;0;147;424971;53;1159;14;1391;0;137;56;1407090;15;301718;63;0;75;99;100;94;0;3
37;https://www.usmagazine.com/entertainment/pictures/rhobh-season-11-reunion-erika-jayne-revelations/;13;3;11;1;0;346;5;129;42;197;53;24;0;59;35;29;6;6980;3231;1834;993;0;145;465220;47;665;0;1492;0;137;56;1410908;15;302168;63;0;74;99;100;94;0;3
38;https://www.usmagazine.com/stylish/news/these-5-fits-will-give-you-an-instant-boost-of-confidence/;39;13;11;1;0;344;4;174;45;206;53;24;0;54;34;30;6;6051;2351;595;231;57;136;367925;84;1225;15;1300;0;142;47;1533814;13;311931;64;0;75;99;100;95;0;3
39;https://www.usmagazine.com/stylish/news/kate-middleton-rewears-green-erdem-coat-at-generation-earthshot-event/;24;1;13;1;0;343;5;130;43;217;53;24;0;56;35;32;6;7209;3242;1726;1545;0;150;396221;47;1149;15;1409;0;142;47;1458633;14;314293;64;0;74;99;100;95;0;3
40;https://www.usmagazine.com/stylish/pictures/olivia-wilde-is-absolutely-in-favor-of-freeing-the-nipple/;22;7;13;1;0;353;5;136;41;205;53;24;0;59;35;32;6;7708;4019;2642;1918;0;155;422552;49;1152;14;1160;0;145;57;1426985;15;318890;65;0;75;99;100;94;0;3
41;https://www.usmagazine.com/stylish/pictures/brielle-biermanns-hottest-bikini-moments-pics/;25;3;12;1;0;352;4;128;40;196;53;24;0;57;35;31;6;6641;2837;1416;1082;0;146;441727;48;1127;14;2084;0;145;57;1437687;13;316563;63;0;71;99;100;95;0;3
42;https://www.usmagazine.com/stylish/news/jamie-lee-curtis-honors-late-mom-in-psycho-costume-for-halloween-kills-premiere/;29;4;12;1;0;367;5;134;42;215;53;24;0;55;35;31;6;7048;3027;1111;938;0;153;366489;51;1184;16;1481;0;142;47;1444855;14;312241;64;0;74;99;100;95;0;3
43;https://www.nytimes.com/2021/10/14/world/europe/norway-bow-and-arrow-attack.html;0;0;2;1;2;137;9;58;1;42;13;5;1;82;74;22;12;2687;2137;1682;1501;1;53;424976;20;582;0;4266;0;183;44;3209191;40;636076;142;0;34;73;100;57;1;4
44;https://www.nytimes.com/2021/10/13/us/politics/jeffrey-clark-subpoena.html;1;0;0;1;2;137;9;60;1;41;13;5;1;79;79;22;12;2978;2334;1979;1815;1;55;373469;20;567;0;3569;0;182;44;3068810;41;633850;137;0;36;73;100;60;1;4
45;https://www.nytimes.com/live/2021/10/14/business/news-business-stock-market;0;20;22;1;10;307;5;110;2;109;36;1;0;84;53;21;59;22079;18851;15137;12675;1;98;1016381;106;1111;27;1971;0;132;51;7390861;35;292689;141;0;40;97;100;57;1;4
46;https://www.nytimes.com/2021/10/13/movies/selma-blair-documentary-multiple-sclerosis.html;0;1;1;1;2;142;8;55;2;47;15;5;1;83;77;24;41;2824;2273;1817;1817;1;53;683489;21;542;0;1256;0;124;37;3288851;38;550401;118;0;61;97;100;68;1;4
47;https://www.nytimes.com/2021/10/14/world/asia/taiwan-apartment-fire.html;1;0;1;1;2;181;8;66;3;54;21;6;1;85;73;25;59;2782;2237;1923;1741;1;64;652572;21;664;0;1643;0;188;44;4240470;40;535899;153;0;37;73;100;52;1;4
48;https://www.nytimes.com/2021/10/13/sports/football/jon-gruden-nfl-endorsements.html;0;0;1;1;1;139;9;59;8;38;10;5;1;83;79;22;12;3225;2647;2297;2115;2;58;390228;20;558;0;1712;0;125;41;9496818;48;553639;145;0;27;84;100;53;1;4
49;https://www.nytimes.com/article/uk-northern-ireland-protocol-eu.html;5;11;5;1;8;187;12;53;2;39;13;5;1;72;66;22;6;7428;6635;6160;4238;1;51;443379;38;687;0;1885;0;174;47;3730968;42;836563;160;0;30;72;100;59;1;4
50;https://www.nytimes.com/2021/10/13/climate/biden-offshore-wind-farms.html;1;0;1;1;2;138;9;58;2;41;13;5;1;82;78;22;12;2932;2370;2273;2117;1;53;346095;20;384;1;1412;0;182;44;3030395;42;518473;146;0;44;73;100;55;1;4
51;https://www.nytimes.com/2021/10/13/upshot/of-four-family-policies-in-democrats-bill-which-is-most-important.html;0;1;0;1;2;142;9;71;2;56;13;5;1;86;82;24;13;2543;2248;1684;1501;1;67;518198;20;623;0;1471;0;189;53;3552485;41;629573;150;0;39;73;100;60;1;4
52;https://www.nytimes.com/2021/10/14/opinion/covid-human-challenge-trial.html;2;2;1;1;1;132;9;57;1;36;10;5;1;83;78;24;12;2701;2286;2286;2102;1;57;399074;21;362;1;1362;0;190;50;3241571;38;518804;133;0;42;73;100;60;1;4
53;https://www.nytimes.com/2021/10/13/business/social-security-cola.html;0;0;0;1;1;129;8;57;1;37;10;5;1;82;77;22;12;2530;1982;1501;1501;1;56;396967;20;555;0;1703;0;122;44;9835767;46;605892;140;0;28;84;100;59;1;4
54;https://www.nytimes.com/2021/10/13/business/economy/september-2021-cpi-inflation.html;0;0;1;1;2;144;10;60;2;41;13;5;1;88;78;24;13;2905;2428;2331;1984;2;57;465232;22;592;0;1651;0;197;57;3627818;42;620706;154;0;34;73;100;53;1;4
55;https://www.nytimes.com/live/2021/10/14/world/covid-delta-variant-vaccine;20;31;14;1;26;796;6;238;13;280;90;4;0;95;53;58;61;54886;45023;38074;28399;3;243;2337248;262;1892;1;1847;0;150;48;7258516;35;460761;208;0;20;98;100;47;1;4
56;https://www.nytimes.com/2021/10/13/us/black-americans-vaccine-tuskegee.html;1;2;0;1;2;162;9;65;1;59;17;5;1;87;78;24;42;2751;2217;2120;1757;1;61;645334;20;473;1;1536;0;189;50;3342670;39;542268;146;0;41;73;100;59;1;4
57;https://www.nytimes.com/2021/10/12/sports/hockey/nhl-ovechkin-capitals-gretzky-goals.html;2;1;1;1;1;130;9;54;2;36;10;5;1;80;73;20;12;2503;2098;1872;1713;1;51;399903;21;555;0;1584;0;125;40;8927392;48;551797;147;0;31;84;100;53;1;4
73;https://www.thesun.co.uk/news/16413005/salt-bae-accused-of-deleting-reviews/;9;11;1;1;4;319;2;120;37;98;0;3;2;71;34;29;15;5835;2941;1761;731;3;91;192960;33;575;16;699;0;152;14;1335342;19;109565;99;0;86;99;100;82;1;3
74;https://www.thesun.co.uk/news/16388567/euromillions-results-lottery-lotto-uk-jackpot-draw-numbers-ticket/;18;27;8;1;4;389;4;143;36;135;1;3;2;77;34;34;15;13621;7471;2914;750;3;93;338293;96;881;0;846;0;160;16;1567353;22;121685;106;0;84;99;100;77;1;3
75;https://www.thesun.co.uk/fabulous/16405482/royal-family-latest-news-meghan-harry-queen-net-worth/;14;20;5;1;4;394;4;168;39;140;1;3;2;77;34;35;15;16554;11389;5934;2218;4;114;401608;129;1145;0;875;0;160;16;1542647;22;121111;106;0;84;99;100;81;1;3
76;https://www.thesun.co.uk/fabulous/16319730/meghan-markle-prince-harry-latest-news-net-worth-archie/;15;16;6;1;4;392;4;171;39;140;1;3;2;77;34;35;15;16313;11300;5903;2218;4;117;403304;127;1134;0;876;0;160;16;1317711;21;120207;105;0;84;99;100;82;1;3
77;https://www.thesun.co.uk/news/16414420/norway-bow-and-arrow-death-toll-kongsberg-terror-video/;12;10;2;1;4;391;4;136;37;140;1;3;2;77;34;35;15;12486;8040;4018;1152;3;84;333196;91;839;0;777;0;160;16;1325431;21;120211;105;0;85;99;100;82;1;3
78;https://www.thesun.co.uk/tech/16416811/instagram-down-latest-login-app-not-working-snapchat-facebook/;20;21;4;1;4;395;5;167;36;139;1;3;2;78;34;37;15;11093;5007;1941;713;3;114;361406;100;932;3;892;0;160;16;1680101;24;156235;126;0;80;99;100;71;1;3
79;https://www.thesun.co.uk/tv/16393522/strictly-come-dancing-latest-robert-webb-katie-mcglynn/;25;32;16;1;4;388;4;170;36;133;1;3;2;77;34;35;15;19262;13934;8248;3804;4;118;361386;119;895;0;793;0;160;16;1319700;21;122263;106;0;84;99;100;82;1;3
80;https://www.thesun.co.uk/tv/16411710/im-a-celebrity-change-new-series/;9;5;0;1;4;355;3;123;43;109;0;3;2;72;34;30;15;4241;1404;744;744;3;84;225508;19;627;21;738;0;179;18;1328753;18;108910;104;0;84;99;100;82;1;3
81;https://www.thesun.co.uk/health/16415806/gps-name-and-shame-list-nhs/;9;7;10;1;5;321;2;115;35;91;0;3;2;71;34;29;15;7481;4191;2016;713;3;89;189634;44;559;16;701;0;152;14;1175173;18;108697;98;0;86;99;100;82;1;3
82;https://www.thesun.co.uk/health/16411985/online-calculator-predicts-risk-catching-incurable-stis-uk/;13;6;0;1;6;369;2;128;42;117;0;3;2;71;34;31;15;7233;3633;1758;279;4;87;238452;43;683;21;732;0;179;18;1286791;18;108696;102;0;84;99;100;82;1;3
83;https://www.thesun.co.uk/news/16413248/meghan-harry-know-zero-finance-new-banking-job/;11;10;1;1;4;353;2;125;42;112;0;3;2;71;34;29;15;5976;2737;1893;1033;5;85;229774;27;640;21;734;0;178;18;1201504;18;123802;100;0;83;99;100;82;1;3
84;https://www.thesun.co.uk/sport/betting-tips/15530745/sun-bingo-welcome-offer-bonus-free-spins-join/;10;3;4;1;5;349;2;125;40;108;0;3;2;71;34;27;15;4056;1006;726;726;5;86;223350;16;638;21;702;0;172;16;1650045;19;123345;101;0;84;99;100;82;1;3
85;https://www.theguardian.com/world/live/2021/nov/24/more-than-20-people-believed-to-have-died-after-refugee-boat-sinks-in-channel-latest-updates;4;26;24;1;4;268;3;252;10;241;20;6;1;23;146;25;4;16184;12399;9746;7772;1;236;939296;62;1536;21;354;0;229;147;1307059;10;91232;78;0;59;100;100;82;1;3
86;https://www.theguardian.com/world/2021/nov/24/german-parties-agree-coalition-deal-to-make-olaf-scholz-chancellor;1;8;6;1;3;147;3;150;3;56;3;14;0;39;36;25;6;6575;6053;5812;5106;1;65;257812;33;621;2;340;0;79;56;1034145;8;60301;65;0;69;100;100;84;1;3
87;https://www.theguardian.com/world/2021/nov/24/bosnia-and-surrounding-region-still-heading-for-crisis-says-top-official;0;13;4;1;3;164;3;153;4;54;3;14;0;41;36;25;6;5357;4601;3835;2982;2;64;259390;26;640;2;329;0;79;62;1059778;9;60532;69;0;69;100;100;84;1;3
88;https://www.theguardian.com/world/2021/nov/24/roman-abramovich-wins-first-round-of-libel-battle-over-putins-people-book;0;1;2;1;3;147;3;153;3;54;3;14;0;39;36;25;6;6765;6210;5191;4528;1;65;256829;31;622;2;317;0;79;56;1020040;8;59964;65;0;70;100;100;84;1;3
89;https://www.theguardian.com/world/2021/nov/24/amazon-gold-rush-madeira-river-environmentalists;0;10;5;1;3;156;3;157;5;56;3;14;0;41;36;25;6;5643;4685;3784;3124;1;70;266497;29;659;2;332;0;79;62;1131894;9;61944;71;0;66;100;100;84;1;3
90;https://www.theguardian.com/world/2021/nov/24/swedens-first-female-prime-minister-resigns-after-less-than-12-hours;0;3;3;1;3;149;4;144;3;52;3;13;0;43;36;25;6;5822;5415;4619;3172;1;60;251287;31;1036;11;749;0;174;61;1886106;15;60184;84;0;56;99;100;82;1;3
91;https://www.theguardian.com/politics/2021/nov/24/boris-johnson-accused-of-flouting-request-to-wear-mask-at-theatre;0;4;2;1;3;146;3;151;3;54;2;14;0;39;36;25;6;4793;4319;3482;2659;1;67;254525;25;612;2;318;0;79;56;1014056;8;59978;65;0;70;100;100;84;1;3
92;https://www.theguardian.com/uk-news/2021/nov/24/former-soldier-charged-murdering-couple-somerset-home;0;1;1;1;2;118;3;142;3;36;1;8;0;39;37;25;6;3197;2750;1805;461;1;60;250917;21;620;2;314;0;79;58;982917;8;57269;59;0;70;100;100;85;1;3
93;https://www.theguardian.com/world/2021/nov/24/belgian-court-awards-damages-to-couple-who-had-twins-after-ivf-mix-up;0;5;4;1;3;146;3;148;3;54;3;14;0;39;36;25;6;5372;5052;4318;3800;1;62;253085;25;608;2;324;0;79;56;1016092;8;60253;65;0;69;100;100;84;1;3
94;https://www.theguardian.com/us-news/2021/nov/24/ahmaud-arbery-murder-georgia-reaction;4;4;0;1;3;161;7;157;4;50;3;13;0;47;37;25;6;6867;6138;4952;3238;1;69;260774;37;1077;0;884;0;175;68;2534586;20;106637;105;0;52;99;100;73;1;3
95;https://www.theguardian.com/world/2021/nov/24/ahmaud-arbery-murder-trial-reveals-racism-us;1;1;9;1;7;153;4;164;4;59;3;14;0;43;36;25;6;9016;8209;7002;5294;1;77;268210;42;979;0;693;0;176;69;2037584;16;126682;83;0;58;99;100;82;1;3
96;https://www.espn.com/nba/story/_/id/32701015/the-ever-tinkering-boston-celtics-rocky-road-back-nba-finals-contention;29;61;33;18;8;682;8;510;71;584;80;35;2;57;43;33;3;29136;23903;18020;13215;37;220;557062;200;4556;0;4298;0;245;82;5030807;27;377400;134;0;28;36;70;47;1;5
97;https://www.espn.com/nba/story/_/id/32704342/luka-doncic-returns-triple-double-dallas-mavericks-fend-la-clippers-win-ot;25;53;25;16;7;555;5;459;64;469;51;28;1;52;42;33;2;21125;17776;13978;10500;40;192;487309;149;3894;0;3577;0;221;81;4129088;18;300593;116;0;37;38;70;58;1;5
98;https://www.espn.com/nba/story/_/id/32701112/golden-state-warriors-klay-thompson-participates-first-full-team-practice-acl-achilles-injuries;28;72;32;16;8;684;8;463;67;583;80;35;2;57;43;33;3;22638;19163;15527;13303;38;191;544270;152;4407;0;4236;0;245;82;4978234;29;377875;137;0;28;36;70;46;1;5
99;https://www.politico.eu/article/future-german-government-to-present-coalition-deal-this-afternoon/;13;5;5;1;6;187;6;241;10;70;11;12;2;49;33;25;2;7656;3972;3159;2134;0;174;223239;37;1038;17;699;0;199;2200;1497208;27;101021;76;25520;71;87;100;64;1;4
100;https://www.politico.eu/article/swedish-pm-magdalena-andersson-resigns-hours-after-taking-job/;15;4;1;1;6;179;6;227;10;74;11;12;2;48;33;24;2;5705;2163;1453;1164;0;159;213827;25;1004;17;678;0;199;2200;1544776;27;100831;78;25520;71;87;100;64;1;4
101;https://www.politico.eu/article/migrant-crisis-france-uk-calais-north-sea-channel-boris-johnson/;12;3;3;1;6;183;6;242;10;76;11;12;2;49;34;24;2;7516;3865;2772;1932;0;174;222343;35;1039;17;733;0;199;2200;1670786;28;101073;80;25520;69;87;100;60;1;4
102;https://www.politico.eu/article/austria-schallenberg-far-right-anti-vaxxers/;20;9;4;1;7;213;6;257;10;87;11;12;2;51;33;25;2;11984;8260;6814;3916;0;189;233986;47;1123;17;719;0;199;2200;1546504;28;100834;76;25520;71;87;100;64;1;4
103;https://www.politico.eu/article/ecb-union-seeks-bigger-pay-hike-in-face-of-inflation/;26;2;1;1;7;197;6;244;10;91;11;12;2;48;33;24;2;5982;2173;1715;1414;0;176;219579;25;1070;17;708;0;199;2200;1649731;27;101038;78;25520;71;87;100;64;1;4
104;https://www.politico.eu/article/flying-solo-technology-takes-aim-at-co-pilots/;22;12;12;1;7;216;6;246;10;89;11;12;2;52;33;25;2;12436;8566;7331;5813;0;178;232232;54;1128;17;754;0;199;2200;1564368;28;99982;78;25520;67;87;100;60;1;4
105;https://www.politico.eu/article/china-artificial-intelligence-ai-ban-social-scoring-united-nations-unesco-ethical-ai/;21;5;6;1;8;202;6;250;10;88;11;12;2;49;33;24;2;7474;3800;2996;2177;0;182;226428;31;1086;17;714;0;199;2200;1753128;28;103882;80;41488;69;87;100;64;1;4
106;https://www.politico.eu/article/motorcycles-european-comission-eu-germany-uk-zero-emission-engine/;17;14;9;1;7;217;6;265;10;91;11;12;2;51;33;25;2;11071;7157;5671;4790;0;197;236010;45;1137;17;708;0;199;2200;1497319;27;100348;76;25520;70;87;100;64;1;4
107;https://www.politico.eu/article/eu-dma-zalando-silicon-valley-european-tech-vestager/;21;13;6;1;7;209;6;262;10;88;11;12;2;50;33;25;2;10784;7107;6163;5362;0;195;235573;41;1118;17;690;0;199;2200;1724875;27;101043;75;25520;70;87;100;64;1;4
108;https://www.politico.eu/article/harvest-cap-eu-farm-reform/;22;15;10;1;7;219;6;263;10;90;11;12;2;51;33;25;2;11740;7628;6614;4850;0;195;238067;49;1141;17;733;0;199;2200;1799545;28;99982;88;35972;67;87;100;65;1;4
109;https://people.com/celebrity/star-tracks-wednesday-october-13-2021/;73;17;9;1;224;4003;3;1009;484;3023;356;11;2;69;36;40;5;36103;22576;11413;3530;6;876;2326459;216;13635;0;5544;2;164;135;21210098;103;354699;262;0;-122;59;100;-50;1;3
110;https://people.com/tv/howie-mandel-home-doing-better-after-fainting/;11;5;2;1;17;563;11;289;87;317;45;15;2;75;38;40;5;5888;3411;1547;214;6;261;536357;27;2281;0;2733;2;182;142;91771521;114;348187;326;0;-378;59;100;-67;1;3
111;https://people.com/food/rachael-ray-says-shes-grateful-for-being-alive-after-house-fire-and-apartment-flood/;11;21;2;1;17;562;7;290;87;317;45;15;2;71;38;40;5;7088;4426;1978;779;6;262;538385;29;2011;0;2132;2;164;136;45782799;69;280128;206;0;-144;84;100;30;1;3
112;https://people.com/tv/netflix-you-renewed-season-four/;32;11;0;1;17;512;9;290;79;316;47;12;2;63;36;40;4;6278;3068;1812;1124;6;261;453792;25;2469;0;2154;2;234;148;3639763;104;313503;255;0;23;83;100;-51;1;3
113;https://people.com/crime/larry-miller-chairman-of-jordan-brand-opens-up-about-killing-a-man-as-a-teenager/;7;14;0;1;16;499;3;281;78;310;44;11;2;67;36;40;4;6796;4477;2002;516;6;253;475686;28;2077;1;1705;2;140;134;2848081;97;240787;239;0;32;59;100;-39;1;3
114;https://people.com/tv/emma-kenney-claims-shameless-set-became-a-more-positive-place-after-emmy-rossum-exit/;14;12;1;1;17;549;9;293;87;319;47;13;2;68;37;40;5;7438;4711;2771;1614;7;264;512566;30;2118;0;2148;2;169;135;53620225;103;286484;256;0;-193;71;100;-48;1;3
115;https://people.com/parents/matt-damon-says-he-knew-every-word-at-harry-styles-concert-with-daughters/;13;6;0;1;17;531;9;291;82;312;45;13;2;67;37;40;5;6552;4221;1561;286;6;263;500774;27;2093;0;2589;2;166;135;19432841;71;283323;219;0;-51;-74;100;24;1;3
116;https://people.com/home/the-dark-history-behind-brittany-murphys-home-plus-what-happened-to-it-after-she-died-there/;25;10;8;1;17;621;7;301;101;316;52;15;2;69;38;40;5;9254;6772;4591;2634;6;273;539277;38;2284;0;2542;2;169;136;69569257;77;286346;234;0;-262;59;100;5;1;3
117;https://people.com/tv/rhobh-reunion-erika-girardi-says-show-is-her-main-source-of-income/;25;6;1;1;17;540;9;293;84;318;46;13;2;70;37;40;5;6426;3746;1810;729;6;265;531682;29;2077;0;2021;2;169;135;33871968;69;283371;194;0;-91;71;100;33;1;3
118;https://people.com/tv/howie-mandel-rushed-to-hospital-after-fainting-report/;13;5;1;1;17;541;7;288;84;317;46;13;2;67;37;40;5;5886;2852;1290;0;6;260;502424;28;2163;0;2168;2;201;444;40536303;75;294263;224;0;-127;71;100;23;1;3
119;https://people.com/country/clint-black-lisa-hartman-black-celebrate-30-year-wedding-anniversary/;13;17;5;1;17;571;9;298;95;325;47;11;2;66;36;40;4;10282;7567;4876;3535;6;267;504233;42;2982;0;2941;2;234;144;4912892;104;241792;287;0;5;-20;100;-48;1;3
120;https://people.com/tv/katie-couric-on-being-shocked-by-matt-lauer-behavior-seemed-so-callous/;18;9;4;1;17;611;6;315;104;338;50;13;2;68;37;40;5;9449;5952;3665;2028;7;283;540566;40;2389;0;2962;2;173;139;50511531;109;298401;286;0;-201;-59;100;-62;1;3
121;https://people.com/parents/me-becoming-mom-podcast-how-to-listen/;14;4;0;1;17;496;4;285;78;313;45;11;2;64;36;40;4;6205;4227;1784;1189;6;257;449851;23;1953;0;1894;2;135;134;3307453;70;254107;227;0;40;53;100;30;1;3
122;https://people.com/tech/apple-airpods-pro-early-holiday-2021-sale-amazon/;6;5;4;1;17;523;3;312;97;330;47;11;2;65;35;39;3;6253;4135;2056;1557;6;282;507749;21;1979;1;1709;2;133;134;2381739;87;231805;201;0;42;84;100;-25;1;3
123;https://people.com/sports/amazon-sports-fanshop-merchandise/;9;3;1;1;18;642;3;362;108;353;54;11;2;62;35;39;3;6826;4531;2573;1235;6;322;536244;26;2433;1;2399;3;137;134;2806592;93;240165;242;0;26;44;100;-31;1;3
124;https://people.com/parents/katharine-mcphee-takes-village-to-raise-baby-exclusive/;12;25;0;1;17;550;3;303;95;328;47;11;2;64;36;40;4;7109;4593;2476;1372;6;272;472892;28;2199;1;2247;2;138;134;3484139;100;245747;259;0;10;-27;100;-46;1;3
125;https://people.com/lifestyle/best-weekend-sales-8-october-2021/;12;10;3;1;23;770;3;363;129;362;43;11;2;63;35;39;3;7021;4057;1505;446;6;327;527965;31;2434;0;2008;2;135;134;2523574;59;232204;174;0;36;-2;100;41;1;3
126;https://people.com/lifestyle/amazon-kn95-face-mask-deals-october-2021/;8;8;0;1;16;528;4;319;97;330;47;11;2;63;35;39;3;6968;4441;1971;1239;6;289;487103;23;2067;0;2117;2;135;134;2544282;61;232458;176;0;38;-2;100;43;1;3
127;https://people.com/lifestyle/philips-sonicare-electric-toothbrush-deal-amazon-october-2021/;10;10;1;1;16;523;3;306;95;328;46;11;2;65;35;39;3;5736;3538;2022;1829;6;276;504231;25;2070;1;2066;2;135;134;2603368;91;236147;224;0;25;-3;100;-20;1;3
128;https://people.com/lifestyle/evolvetogether-kn95-face-masks-restock/;6;5;1;1;16;527;3;312;96;331;48;11;2;62;35;39;3;6387;4205;2037;1244;6;282;479001;22;2053;0;1907;2;135;134;2600379;58;231998;174;0;37;-10;100;42;1;3
129;https://people.com/home/luxclub-bamboo-sheets-deal-early-holiday-sale-2021-amazon/;8;7;2;1;16;504;3;298;93;326;45;11;2;63;35;39;3;7153;4833;3048;1838;6;268;464763;19;1942;0;1669;2;135;134;2495123;58;231432;166;0;50;53;100;43;1;3
130;https://people.com/lifestyle/amazon-prime-member-deals-october-2021/;10;9;2;1;17;579;3;336;109;342;53;11;2;63;35;39;3;6974;4471;1741;1016;6;306;522793;27;2119;0;1700;2;133;134;2546437;57;230127;166;0;52;85;100;46;1;3
131;https://people.com/home/ynm-weighted-blanket-sale-amazon/;10;3;0;1;16;495;3;299;88;324;44;11;2;62;35;39;3;7031;4554;2661;1411;6;269;458573;20;1992;1;2386;2;135;134;2649046;95;234790;225;0;24;-3;100;-29;1;3
132;https://people.com/lifestyle/target-deal-days-sale-october-2021/;10;11;2;1;17;665;3;369;120;347;47;11;2;66;35;39;3;6733;4233;1376;390;6;337;569424;24;2293;0;1862;2;135;134;2758829;59;232868;172;0;43;53;100;44;1;3
133;https://www.huffpost.com/entry/trump-election-2020-biden_n_61674e95e4b028316c91016d;4;1;5;1;16;468;9;171;34;25;14;2;1;83;47;10;18;6040;3221;2946;2288;0;113;423635;13;1382;0;1335;1;144;40;11244838;53;391327;204;184808;19;85;100;44;0;2
134;https://www.huffpost.com/entry/house-committee-subpoenas-trump-justice-department-ally-jeffrey-clark_n_61674d57e4b0f26084efdf01;4;2;2;1;16;482;9;167;35;25;14;2;1;85;46;10;18;6053;3078;2565;1930;0;109;425528;16;1399;0;1367;1;144;40;11152822;52;385829;196;184808;20;85;100;48;0;2
135;https://www.huffpost.com/entry/republican-trump-lost-billboard_n_6167d961e4b0fcd00f99e84b;8;3;4;1;15;462;12;169;31;25;14;2;1;87;46;10;18;4725;2048;1502;799;0;111;421147;14;1381;0;1671;1;143;40;10883354;57;289744;233;184808;16;85;100;28;0;2
136;https://www.huffpost.com/entry/10000-john-deere-workers-go-on-strike_n_61671f4ce4b065a5496f1f23;8;4;7;1;15;451;2;161;29;43;14;2;1;75;38;6;13;6088;3606;3225;2515;0;104;375474;22;910;0;851;1;87;35;4219192;42;329122;146;184808;59;87;100;64;0;2
137;https://www.huffpost.com/entry/lauren-boebert-guns-norway_n_6167cd22e4b0f26084f0646a;8;6;2;1;16;496;24;167;34;25;14;2;1;95;47;10;18;4960;1573;740;571;0;109;440503;6;1522;0;2474;1;144;40;13630986;62;495190;320;369616;-27;85;100;7;0;2
138;https://www.huffpost.com/entry/washington-post-editorial-board-republicans-vaccine-mandates_n_6167e0eae4b065a54970178a;9;1;3;1;16;461;9;170;34;25;14;2;1;83;47;10;18;3994;1168;1052;532;0;112;424762;9;1367;0;1588;1;144;40;13710304;57;424442;235;369616;-11;85;100;41;0;2
139;https://www.huffpost.com/entry/ted-sarandos-netflix-dave-chappelle-defense_n_6167bc41e4b0d3f507c74320;8;3;2;1;16;396;11;159;31;24;14;2;1;85;46;10;17;5288;2403;2013;1844;0;101;411670;12;1368;0;1479;1;143;40;12603365;59;257637;229;184808;11;85;100;36;0;2
140;https://www.huffpost.com/entry/hollywood-workers-union-strike_n_61671443e4b0f26084ef8a58;6;2;5;1;15;440;3;159;28;33;14;2;1;75;38;6;13;4948;2622;2355;1992;0;102;373712;11;863;0;1461;1;123;37;6047349;55;414739;237;369616;33;86;100;29;0;2
141;https://www.huffpost.com/entry/fox-news-early-war-on-christmas-biden_n_6167c1f2e4b065a5496fda24;5;4;4;1;15;497;25;170;31;25;14;2;1;97;46;10;18;5504;2080;1738;738;0;112;439190;12;1573;0;2607;1;144;40;15362360;62;481574;336;369616;-35;85;100;2;0;2
142;https://www.huffpost.com/entry/seth-meyers-tucker-carlson-fox-news-impression_n_6167d6aae4b0f26084f07384;5;1;1;1;16;469;10;167;34;24;14;2;1;86;47;10;17;4242;1507;984;330;0;109;423331;9;1798;0;1718;1;145;40;13466040;58;212376;224;184808;3;84;100;48;0;2
143;https://www.huffpost.com/entry/jimmy-kimmel-ted-cruz-halloween_n_6167b250e4b0f26084f03f20;2;1;1;1;15;436;4;164;28;25;14;2;1;77;37;6;13;3466;796;685;330;0;107;374442;7;1278;0;1488;1;89;35;5718535;56;221936;205;184808;44;85;100;49;0;2
144;https://www.huffpost.com/entry/chihuahua-airport-luggage_n_6167af62e4b0f3be08de935a;2;4;2;1;15;442;4;159;28;25;14;2;1;76;37;6;14;4126;1491;1240;912;0;102;372127;9;1018;0;1602;1;209;44;6331665;59;265617;275;369616;28;84;100;24;0;2
145;https://www.huffpost.com/entry/brad-parscale-jim-renacci-ohio_n_61661694e4b0f3be08dbf05b;8;13;14;1;15;464;2;178;29;85;14;2;1;76;36;6;14;8837;5483;3606;2574;0;121;392205;30;991;0;856;1;88;35;3956311;42;154483;147;184808;60;87;100;64;0;2
146;https://www.huffpost.com/entry/norway-bow-arrow-attack_n_616735f1e4b065a5496f46e1;4;2;1;1;14;435;3;148;28;24;14;2;1;76;36;6;13;5067;2783;2661;1774;0;91;363700;11;830;1;1424;1;123;37;6145240;55;412164;243;369616;33;86;100;26;0;2
147;https://www.huffpost.com/entry/white-house-offshore-wind-farms_n_6167846fe4b0f26084f0178b;4;5;6;1;16;471;6;170;33;26;14;2;1;78;37;6;14;6199;3243;2664;1958;0;113;388138;14;940;0;1527;1;123;37;6488640;60;303948;267;369616;29;86;100;7;0;2
148;https://www.huffpost.com/entry/lora-reinbold-covid-alaska_n_61678029e4b0fcd00f998069;14;1;2;1;16;443;3;169;28;29;14;2;1;75;37;6;14;4668;1965;1363;855;0;112;380271;13;880;0;1364;1;124;37;5912739;55;235627;241;369616;34;86;100;25;0;2
149;https://www.huffpost.com/entry/brian-laundrie-one-month-missing_n_6167289ee4b0d3f507c69cdc;1;5;4;1;16;503;9;178;36;25;14;2;1;85;46;10;17;6709;4463;3678;2625;0;120;435436;20;1444;0;1434;1;143;40;13585084;53;215066;204;184808;9;85;100;43;0;2
150;https://www.dailymail.co.uk/news/article-10089787/Leading-transport-firm-quits-Road-Haulage-Association-row-lorry-driver-crisis-escalates.html;208;61;32;1;3;437;7;549;729;910;13;5;1;78;81;49;23;65145;63407;42295;6025;1;51;1221376;30;3695;20;1183;1;455;140;2365798;21;63503;129;0;56;85;60;83;0;2
151;https://www.dailymail.co.uk/news/article-10089745/STEPHEN-GLOVER-potty-Europe-blame-supply-woes-Brexit.html;90;39;21;1;5;251;4;358;465;576;5;8;1;74;72;48;23;33474;32401;23153;3273;1;50;1037489;59;2512;20;973;1;436;137;2064581;23;57066;84;0;67;85;60;74;0;2
152;https://www.dailymail.co.uk/news/article-10090703/Spike-gas-prices-continue-winter-Jim-Ratcliffe-predicts.html;209;77;38;1;3;380;5;553;735;894;11;8;1;78;72;49;23;69450;67425;45608;7754;1;51;1219137;54;3602;20;1204;1;455;139;2315119;23;64644;130;0;56;85;60;74;0;2
153;https://www.dailymail.co.uk/news/article-10091177/Poll-finds-60-working-age-Brits-cut-spending-amid-cost-living-crisis.html;209;61;32;1;3;273;3;547;731;871;9;6;1;75;59;49;23;65615;64046;42591;5185;1;51;1182428;34;3302;14;1072;1;427;138;2010286;19;43057;119;0;65;86;60;83;0;2
154;https://www.dailymail.co.uk/news/article-10089119/Gas-price-crisis-claims-Pure-Planet-Colorado-Energy-cease-trading.html;211;65;35;1;3;545;9;555;734;935;15;7;1;80;90;49;23;69402;66979;44108;4981;1;51;1256980;62;3995;20;1285;1;455;141;2398933;21;64638;133;0;52;85;60;83;0;2
155;https://www.dailymail.co.uk/news/article-10090915/Rishi-Sunak-says-confident-gifts-tree-Christmas.html;10;55;24;1;1;766;6;247;125;221;9;47;0;80;81;48;22;32251;27996;18598;12199;0;53;1111700;214;2489;22;1065;1;436;138;2068722;23;59058;92;0;61;85;60;74;0;2
156;https://www.dailymail.co.uk/news/article-10091175/Priti-Patel-plans-grant-officers-immunity-Channel-migrants-drown-turnback-operation.html;210;71;41;1;3;466;7;560;733;916;13;7;1;80;81;49;23;74078;71934;48682;7942;1;51;1248079;81;3842;20;1290;1;455;140;2341777;21;64805;132;0;54;85;60;83;0;2
157;https://www.dailymail.co.uk/news/article-10091219/Sajid-Javid-apologises-governments-Covid-failures.html;209;62;39;1;3;379;5;554;734;892;11;8;1;78;72;49;23;68627;66569;44670;7175;1;51;1218392;45;3596;20;1153;1;455;139;2294189;21;64499;127;0;57;85;60;83;0;2
158;https://www.dailymail.co.uk/sciencetech/article-10091147/Three-network-crashes-UK.html;109;51;23;1;4;349;5;459;491;711;7;10;1;81;72;50;22;37044;34384;22654;1733;2;82;1096030;55;3020;0;1099;1;439;137;2478513;32;63240;138;0;54;85;60;69;0;2
159;https://www.dailymail.co.uk/femail/article-9978581/Starpowa-brave-women-share-health-stories.html;191;81;33;1;1;207;2;509;685;811;3;9;1;76;59;50;22;60557;58929;41274;4794;3;67;1140212;66;3262;16;982;1;411;136;1896650;20;40059;87;0;69;86;60;83;0;2
160;https://www.dailymail.co.uk/tvshowbiz/article-10091273/George-Clooney-60-looks-dapper-grey-suit-leads-glamorous-wife-Amal-43-hotel.html;6;13;10;1;9;682;10;194;73;194;12;21;0;77;99;49;22;9404;6945;4431;1908;0;73;999385;92;1979;20;1197;1;436;140;3306627;21;55511;105;0;57;84;60;81;0;2
161;https://www.dailymail.co.uk/tvshowbiz/article-10090333/Victoria-Beckham-finally-reveals-David-Beckham-wore-matching-outfits-lot-talk-show.html;4;29;3;1;4;249;2;168;50;99;2;13;0;71;59;49;22;7024;4849;2716;819;0;68;880850;78;953;20;730;1;408;136;3199218;19;34653;88;0;69;86;60;82;0;2
162;https://www.dailymail.co.uk/tvshowbiz/article-10090753/Beyonce-puts-busty-display-low-cut-halter-gown-stunning-snaps-posted-Instagram.html;211;85;36;1;8;740;9;608;794;965;12;23;1;86;90;52;23;69764;66201;41934;4981;0;77;1344356;88;4504;20;1542;1;458;141;3318704;22;66641;163;0;43;85;60;81;0;2
163;https://www.dailymail.co.uk/tvshowbiz/article-10090983/Ewan-McGregors-daughter-Clara-discusses-tranquiliser-addiction-mental-health-abortion-ordeal.html;208;78;39;1;3;447;5;580;808;948;8;17;1;77;72;52;23;71631;69404;46659;7728;0;59;1279192;64;3767;20;1219;1;458;139;2422330;22;64990;131;0;55;85;60;83;0;2
164;https://www.dailymail.co.uk/tvshowbiz/article-10090707/Leni-Klum-17-model-daughter-accompanies-dad-Seal-Harder-Fall-premiere-LA.html;20;8;6;1;8;581;8;186;71;168;8;19;0;76;90;49;22;6751;4466;2545;1199;0;73;971594;73;1723;20;1041;1;436;139;2818125;23;56120;107;0;61;85;60;72;0;2
165;https://www.dailymail.co.uk/news/article-10090871/Plumber-45-fears-lose-home-judge-ruled-Ring-camera-breached-neighbours-privacy.html;28;69;27;1;9;253;2;152;42;100;5;16;0;69;59;48;22;16345;15468;11481;7082;0;51;887568;98;986;17;656;1;408;136;1653594;21;33989;71;0;79;86;60;74;0;2
166;https://www.dailymail.co.uk/news/article-10091051/Norway-bow-arrow-attacker-convert-Islam.html;25;59;14;1;3;532;6;208;80;187;9;23;0;74;81;48;22;26396;21923;17645;10679;0;63;991037;162;1823;22;932;1;436;138;2035069;21;55669;93;0;66;85;60;83;0;2
167;https://www.intouchweekly.com/posts/kylie-jenner-reacts-to-swimwear-lines-disastrous-reception/;14;6;10;1;32;342;5;151;38;137;56;28;3;49;29;27;19;6600;2589;1036;1036;3;163;420741;39;1378;16;600;0;118;198;1048217;12;98574;49;0;87;98;100;96;0;2
168;https://www.intouchweekly.com/posts/will-jacob-roloff-and-isabel-rock-buy-roloff-farms-she-reacts/;17;8;11;1;32;347;5;159;41;177;56;28;3;49;29;27;19;7105;2870;833;438;3;171;429515;41;1447;16;629;0;118;198;1042841;11;98455;49;0;86;98;100;96;0;2
169;https://www.intouchweekly.com/posts/justin-duggar-and-wife-claire-spivey-buy-texas-home-amid-drama/;22;6;10;1;32;345;5;170;39;138;56;28;3;49;29;27;19;7174;2793;948;231;3;182;425336;44;1421;16;580;0;118;198;1230417;11;98564;49;0;87;98;100;96;0;2
170;https://www.intouchweekly.com/posts/megan-foxs-dating-history-brian-austin-green-machine-gun-kelly/;16;11;11;1;36;386;5;167;42;194;56;28;3;50;29;26;19;9162;4142;2575;1712;3;178;450115;56;1566;18;651;0;118;198;1227340;11;99285;49;0;86;98;100;96;0;2
171;https://www.intouchweekly.com/posts/who-is-mickey-guytons-husband-what-to-know-about-grant-savoy/;19;3;10;1;37;342;5;144;38;136;56;28;3;49;29;27;19;6666;2682;1393;1026;3;156;419743;37;1376;16;596;0;118;198;1127955;11;98441;49;0;87;98;100;96;0;2
172;https://www.intouchweekly.com/posts/brittany-murphy-parents-learn-about-sharon-murphy-angelo-bertolotti/;17;4;11;1;36;341;5;146;39;164;56;28;3;47;29;26;19;7285;3086;1565;1399;3;158;390027;40;1407;16;587;0;118;198;1111000;11;96631;47;0;87;98;100;96;0;2
173;https://www.intouchweekly.com/posts/90-day-fiance-where-is-fernanda-from-mexico-roots/;13;7;10;1;32;343;5;151;37;137;56;28;3;52;29;28;19;6655;2797;1278;1278;3;163;452017;37;904;0;541;0;118;198;1126740;12;104039;48;0;87;99;100;96;0;2
174;https://www.intouchweekly.com/posts/braless-photos-of-the-kardashian-jenner-women-kim-kylie-more/;24;10;11;1;51;503;5;206;56;274;56;28;3;50;29;26;19;8209;3284;1849;1849;3;217;502939;95;1944;18;719;0;118;198;1912779;11;99987;49;0;82;98;100;96;0;2
175;https://www.intouchweekly.com/posts/must-haves/3-eco-friendly-essentials-that-will-change-your-routine/;18;1;10;1;35;335;4;138;38;136;56;28;3;46;29;26;19;6603;2882;1570;1570;7;146;378659;35;1342;16;582;0;128;198;884152;10;95822;44;0;87;98;100;96;0;2
176;https://www.intouchweekly.com/posts/gabby-petitos-mom-slams-brians-lawyers-strangulation-comment/;12;1;10;1;32;345;5;153;39;163;56;28;3;50;29;28;19;7346;3232;1967;1620;3;166;427905;40;1415;16;619;0;146;201;1638770;12;97073;49;0;85;98;100;96;0;2
177;https://www.intouchweekly.com/posts/wendy-williams-brother-tommy-gives-update-on-her-health/;14;7;11;1;32;347;5;148;40;159;56;28;3;49;29;27;19;7281;3226;1808;1647;3;160;425541;39;1411;16;588;0;118;198;1150843;11;98798;49;0;87;98;100;96;0;2
178;https://newspunch.com/jk-rowling-excluded-from-harry-potter-reunion/;14;0;0;1;0;267;7;165;30;120;3;4;1;43;52;23;16;4583;1523;1029;1029;1;171;271332;16;787;1;1239;0;297;167;3331457;45;300556;157;36200;53;71;0;45;0;1
179;https://newspunch.com/president-trump-adam-schiff-arrested-treason/;15;10;1;1;0;269;8;166;30;120;3;4;1;44;53;23;16;5622;2260;1588;1402;3;169;311114;19;1051;27;1551;0;297;167;3749609;47;273146;167;36200;41;71;0;32;0;1
180;https://newspunch.com/rand-paul-colluded-russia-hillary-clinton/;10;1;1;1;0;269;3;161;30;123;3;4;1;40;55;23;16;4092;1345;1124;592;5;163;281838;9;1366;1;1331;0;374;177;3756357;48;201923;151;36200;48;71;0;51;0;1
181;https://newspunch.com/kamala-harris-claims-justice-system-is-not-equitable-after-kyle-rittenhouse-verdict/;8;7;4;1;0;249;12;168;30;124;3;4;1;47;52;23;15;6288;2850;2412;1363;1;174;253179;20;948;1;1459;0;297;167;3770319;46;256045;189;36200;45;71;0;29;0;1
182;https://newspunch.com/austrian-police-begin-hunting-for-unvaccinated-citizens/;7;3;2;1;0;267;1;163;30;117;3;4;1;40;55;23;16;5229;2189;1518;638;5;165;255119;16;770;1;954;0;297;167;2649572;41;219674;135;36200;59;72;0;54;0;1
183;https://newspunch.com/austria-orders-lockdown-for-the-filthy-unvaxxed-deploys-police-to-carry-out-spot-checks/;12;2;0;1;0;274;1;165;30;121;3;4;1;40;55;23;16;6223;3220;2850;2138;5;167;264208;17;697;1;881;0;297;167;2909404;40;201655;134;36200;60;72;0;54;0;1
184;https://newspunch.com/austria-imposes-lockdown-for-all-unvaccinated-people-aged-over-12/;7;1;0;1;0;272;4;157;30;125;3;4;1;40;52;23;16;4656;1542;925;603;1;163;259624;13;682;1;1074;0;297;167;3285633;45;223270;140;36200;56;72;0;44;0;1
185;https://newspunch.com/swedish-doctors-demand-that-the-pfizer-jab-is-banned-over-suspected-fraud/;17;3;2;1;0;273;8;165;30;113;3;4;1;41;52;23;16;7891;4760;3939;3074;3;169;265900;21;689;1;881;0;297;167;2490918;41;201501;133;36200;61;72;0;54;0;1
186;https://newspunch.com/people-have-a-duty-to-society-to-get-vaccinated-says-angela-merkel/;10;4;2;1;0;236;1;159;30;120;3;4;1;40;52;23;16;5347;2260;1444;914;1;165;256733;13;775;1;949;0;297;167;2418755;42;199360;132;36200;59;72;0;51;0;1
187;https://newspunch.com/swiss-globalist-caught-funding-bidens-new-world-order-agenda/;6;3;7;1;0;245;5;164;30;119;3;4;1;41;55;23;16;7009;3775;3029;2496;5;166;262544;24;711;1;1070;0;297;167;3032034;44;206417;138;36200;54;72;0;47;0;1
188;https://newspunch.com/robert-de-niro-trump-possibly-crazy-medical-sense/;10;5;0;1;0;273;5;164;30;109;3;4;1;40;53;23;16;4719;1945;1351;1152;3;167;323697;15;1396;1;1689;0;374;177;3495099;50;274897;158;36200;44;71;0;47;0;1
189;https://newspunch.com/india-prepares-to-impose-climate-lockdown/;11;5;4;1;0;271;4;167;30;117;3;4;1;42;55;23;16;5386;2131;1938;1277;5;169;258757;18;705;1;1437;0;297;167;3543548;47;251293;161;36200;51;72;0;39;0;1
190;https://newspunch.com/thousands-of-u-s-christians-fleeing-to-russia-evil-wokeness-is-not-welcome-here/;11;0;1;1;0;273;2;162;30;117;3;4;1;40;55;23;16;4386;1579;789;789;5;164;256974;10;684;1;1075;0;297;167;2625554;43;205506;142;36200;57;72;0;47;0;1
191;https://newspunch.com/peter-strzok-worked-for-cia-under-obama/;12;1;0;1;0;275;8;165;30;119;3;4;1;41;55;23;16;4828;1905;1578;1402;5;167;271476;12;720;1;1962;0;297;173;2589846;43;204695;167;36200;46;71;0;44;0;1
192;https://newspunch.com/australia-tens-of-thousands-marching-for-freedom-fill-the-streets-in-major-cities/;11;3;3;1;0;251;13;180;34;114;3;4;1;48;52;23;15;6475;2378;2153;1590;1;186;254348;20;793;1;1586;0;297;167;4440448;49;275149;204;36200;44;72;0;21;0;1
193;https://newspunch.com/us-warns-eu-that-russia-may-be-planning-to-invade-ukraine/;7;0;1;1;0;272;4;159;30;119;3;4;1;40;52;23;16;5170;1779;975;632;1;165;264733;14;709;1;1086;0;297;167;3089752;43;205134;138;36200;55;71;0;54;0;1
194;https://www.wonkette.com/joe-biden-s-on-a-roll-so-how-about-finally-firing-louis-dejoy;8;7;2;2;0;74;6;244;13;39;7;27;4;42;30;19;4;3067;2589;1981;1637;6;174;182210;25;578;17;211;0;77;7;567138;15;6388;34;0;92;100;100;77;0;2
195;https://www.wonkette.com/what-if-jen-psaki-were-this-orange-cat;44;27;3;4;2;136;6;268;17;56;11;51;6;47;30;19;5;7903;7503;6557;6003;7;204;215437;60;1072;17;1904;0;286;26;3165299;32;187239;108;30936;55;98;70;66;0;2
196;https://www.wonkette.com/big-night-cbo-score-kevin-mccarthy-never-shuts-up-and-now-house-passes-build-back-better;21;16;4;2;3;83;9;245;13;39;7;27;4;43;30;19;4;5624;3629;2389;2046;6;175;189689;31;634;17;251;0;77;7;482544;15;6426;34;0;92;100;100;77;0;2
197;https://www.wonkette.com/far-right-reporter-wants-to-ban-adrenochrome-users-from-public-office;5;24;2;2;0;78;5;237;15;54;7;27;4;41;30;19;4;4027;3629;3181;2822;5;154;183110;31;676;0;1513;0;209;16;2208009;25;119074;92;30936;69;99;70;69;0;2
198;https://www.wonkette.com/it-s-a-1a-death-match-between-james-o-keefe-and-the-nyt-and-a-judge-just-seriously;12;14;14;2;0;74;5;248;12;31;7;27;4;41;30;19;4;6347;5302;3881;2287;5;186;184168;31;604;17;191;0;77;7;453026;15;6458;34;0;92;100;100;77;0;2
199;https://www.wonkette.com/seniors-unsold-cruise-cabins-are-almost-being-given-away-tabs-fri-nov-19-2021;40;9;3;2;0;79;8;239;12;31;7;27;4;43;30;19;4;4216;3537;3144;2456;7;175;181797;30;597;3;393;0;77;7;955832;19;52094;54;0;88;99;100;66;0;2
200;https://www.wonkette.com/thursday-white-house-press-briefing-hooray;39;26;2;4;2;136;7;272;17;56;11;51;6;47;29;19;5;7805;7341;6252;5727;9;206;216243;64;1098;17;1953;0;286;26;3506990;32;185994;107;30936;55;98;70;66;0;2
201;https://www.wonkette.com/what-does-one-serve-after-daddy-dearest-stages-an-insurrection;22;8;3;2;0;73;5;226;12;33;7;27;4;41;30;19;4;3373;2843;2242;2077;7;160;175392;33;580;17;181;0;77;7;2070388;15;5921;33;0;89;100;100;77;0;2
202;https://www.wonkette.com/kim-guilfoyle-was-hot-to-claim-credit-for-jan-6-protest-will-select-committee-give-it-to-her;7;5;3;2;0;73;5;233;12;31;7;27;4;41;30;19;4;3848;3367;2725;1904;5;171;179407;25;578;17;189;0;77;7;486481;15;6378;34;0;92;100;100;77;0;2
203;https://www.wonkette.com/welcome-to-wonkette-happy-hour-with-this-week-s-cocktail-hooper-s-dirty-martini;8;10;0;2;0;76;5;229;13;39;7;27;4;41;30;19;4;5668;5162;4437;3513;5;160;180185;32;598;17;183;0;77;7;460148;15;6054;34;0;92;100;100;77;0;2
204;https://www.wonkette.com/wonkette-s-weekly-top-ten-is-a-great-big-genius-who-lives-in-the-sea;18;7;1;2;0;70;7;225;10;33;5;15;3;43;30;19;4;2800;1236;510;510;7;161;173877;30;1083;0;1962;0;289;26;2906955;31;120031;106;30936;58;98;70;66;0;2
205;https://www.wonkette.com/pillow-guy-kid-rock-proud-boys-it-s-a-big-weekend-for-terrible-men-doing-weird-shit;23;26;5;2;0;82;8;241;15;54;7;27;4;43;30;19;4;6646;6309;5342;4828;5;158;189226;36;698;17;1561;0;206;16;2179586;25;118682;91;30936;68;99;70;69;0;2
206;https://www.wonkette.com/this-weeks-wonkette-live-chat-is-not-a-safe-space-for-homicidal-maniacs;36;29;2;4;2;138;6;278;17;56;11;51;6;48;29;19;5;9176;8465;7034;6325;7;214;221401;64;666;17;1416;0;206;16;2263008;25;187482;91;30936;67;99;70;69;0;2
207;https://www.wonkette.com/nicolle-wallace-performs-live-autopsy-on-pathetic-gasbag-chris-christie-because-its-almost-christmas;15;11;4;2;0;76;8;230;12;32;7;27;4;43;30;19;4;4699;3735;3343;2609;5;168;181098;24;1064;3;2152;0;286;26;3088270;32;185253;107;30936;56;98;70;66;0;2
208;https://www.wonkette.com/petite-white-nationalist-frightens-fox-into-editing-article-calling-him-a-white-nationalist;9;12;1;2;0;72;5;218;12;31;7;27;4;41;30;19;4;4666;4304;3719;2851;5;156;176142;25;671;17;1530;0;206;16;2569571;25;187959;91;30936;65;99;70;69;0;2
209;https://www.wonkette.com/laura-ingraham-is-starting-to-get-better-at-comedy-and-it-s-making-lefties-nervous;25;13;1;2;0;77;8;224;12;32;7;27;4;43;30;19;4;3107;2236;1831;1281;7;160;177688;24;703;17;1451;0;206;16;2266844;25;187431;91;30936;67;99;70;69;0;2
210;https://www.wonkette.com/joe-biden-signs-infrastructure-bill-orders-rickety-nh-bridge-to-get-its-sh-t-together;10;8;4;2;0;73;5;273;12;32;7;27;4;41;30;19;4;5077;4126;2697;1670;6;210;188685;26;611;17;191;0;77;7;484587;15;6720;34;0;92;100;100;77;0;2
211;https://www.wonkette.com/here-s-the-wilbur-ross-peter-thiel-real-estate-porn-you-never-asked-for;27;20;4;2;0;73;5;235;12;31;7;27;4;41;30;19;4;4077;3598;3037;2511;7;171;178490;30;688;17;1583;0;206;16;2399070;25;187561;91;30936;65;99;70;69;0;2
212;https://www.wonkette.com/these-snl-cast-members-have-changed-a-lot-during-their-20-years-on-the-show-tabs-tues-nov-16-2021;9;4;1;2;0;76;9;237;12;32;7;27;4;44;29;19;4;2403;1858;1250;1092;5;175;180956;27;589;17;219;0;77;7;923536;15;6352;34;0;92;100;100;77;0;2
213;https://www.wonkette.com/are-steven-mnuchin-and-mike-pompeo-the-most-patriotic-savers-of-america-from-trump-who-ever-got-born;22;19;1;2;0;73;5;232;12;32;7;27;4;41;30;19;4;6227;5601;4730;4382;7;168;181318;33;596;17;178;0;77;7;809497;15;6444;34;0;92;100;100;77;0;2
214;https://www.wonkette.com/managemental-fiascos-the-employees-could-not-keep-quiet-about-tabs-wed-nov-17-2021;51;34;2;4;2;139;8;283;17;56;11;51;6;47;30;19;5;9861;9247;7491;6959;8;218;222422;72;565;17;236;0;77;7;494313;15;5993;34;0;92;100;100;77;0;2
215;https://www.wonkette.com/chuck-todd-pretty-sure-bidens-historic-infrastructure-bill-is-the-end-of-the-road-for-democrats;8;18;3;2;0;75;8;231;12;31;7;27;4;43;30;19;4;4277;3959;3305;2963;5;169;180471;22;583;3;381;0;77;7;1115110;19;59976;58;0;88;99;100;62;0;2
216;https://www.wonkette.com/pfizer-to-let-poor-nations-make-its-anti-covid-drug-but-not-its-vaccine-whaaaaat;11;5;1;2;0;73;5;249;12;31;7;27;4;41;30;19;4;4154;3607;3235;2406;6;186;182339;23;699;17;1498;0;206;16;2215778;25;120308;91;30936;68;99;70;69;0;2
217;https://www.wonkette.com/gop-defends-manly-man-paul-gosar-who-publicly-fantasized-about-killing-colleague-aoc;11;10;7;2;0;76;8;234;12;31;7;27;4;43;30;19;4;4529;4267;3642;3116;5;172;181626;23;686;17;1455;0;206;16;2257614;25;187784;91;30936;67;99;70;69;0;2
218;https://www.wonkette.com/oops-labor-dept-missed-626000-new-jobs-this-summer-bummer-about-your-polls-joe-biden;8;14;3;2;0;72;5;242;12;31;7;27;4;41;30;19;4;6313;5754;5150;4317;6;179;182855;26;692;17;1585;0;206;16;2328543;25;189088;91;30936;66;99;70;69;0;2
219;https://www.wonkette.com/there-s-a-duggar-running-for-office-no-not-the-one-on-trial-for-kiddie-porn;14;13;3;2;0;72;5;223;12;33;7;27;4;41;30;19;4;3618;3206;2605;2440;7;159;176072;28;567;17;189;0;77;7;468608;15;5951;33;0;92;100;100;77;0;2
220;https://www.wonkette.com/a-new-drilling-ban-and-green-new-steel-your-eco-nice-time-report;4;8;1;2;2;77;6;281;14;46;7;27;4;42;30;19;4;3804;2747;2375;1457;6;204;194646;35;644;3;1551;0;206;16;2462246;25;189448;91;30936;67;99;70;69;0;2
221;https://www.wonkette.com/woke-sesame-street-triggered-matt-schlapp-to-death-but-don-t-worry-he-got-better;14;7;1;2;0;78;9;234;12;32;7;27;4;43;30;19;4;3502;3020;1796;762;7;170;181635;27;694;17;1443;0;206;16;2255926;25;187332;91;30936;67;99;70;69;0;2
222;https://www.wonkette.com/does-anyone-seriously-think-joe-manchin-kyrsten-sinema-would-be-welcome-in-marjorie-taylor-greenes-gop;12;10;3;2;0;82;7;250;14;47;7;27;4;42;30;19;4;4507;3977;2830;2299;5;174;186958;30;602;19;181;0;77;7;502894;15;6447;33;0;92;100;100;77;0;2
227;https://empirenews.net/woman-gets-pregnant-after-sleeping-at-hotel-with-dirty-sheets/;11;5;0;1;0;276;7;115;72;144;0;0;0;68;29;45;8;6484;2748;1371;1182;5;135;144916;9;886;24;993;2;389;51;1863427;29;74278;112;0;71;84;0;74;0;1
228;https://empirenews.net/michelle-obama-files-for-divorce-after-shocking-revelation-barack-obama-admits-im-gay/;11;2;0;1;0;276;7;116;73;144;0;0;0;68;29;45;8;5933;2164;890;370;5;136;147046;11;929;22;1052;2;389;57;2155345;29;74370;119;0;69;84;0;74;0;1
229;https://empirenews.net/parent-company-of-corona-beer-sues-china-over-bad-press-during-their-coronavirus-scare/;10;0;1;1;0;276;7;114;73;144;0;0;0;68;29;45;8;6653;2878;1604;1433;5;134;146260;9;748;16;933;2;389;57;2103304;28;74271;112;0;72;84;0;74;0;1
230;https://empirenews.net/trump-to-host-massive-i-beat-impeachment-party-at-white-house-this-weekend/;10;1;0;1;0;276;7;114;73;144;0;0;0;68;29;45;8;6237;2461;1084;891;5;134;145426;10;750;16;933;2;389;57;2073283;28;74278;112;0;72;84;0;74;0;1
231;https://empirenews.net/multiple-people-hospitalized-several-arrested-during-rush-limbaugh-has-cancer-celebration-in-boston/;10;4;1;1;0;276;7;115;73;144;0;0;0;68;29;45;8;7028;3439;1686;1514;5;135;147208;13;776;16;1404;2;389;57;2090161;28;74308;113;0;69;84;0;74;0;1
232;https://empirenews.net/breaking-war-with-iran-imminent-president-trump-reinstates-military-draft/;12;10;1;1;0;276;7;113;73;144;0;0;0;68;29;45;8;6719;2980;1706;1706;5;133;145858;10;716;12;997;2;389;57;2021658;27;74342;111;0;72;84;0;74;0;1
233;https://empirenews.net/breaking-president-trump-arrested-leaving-trump-tower-in-new-york/;12;1;1;1;0;276;7;109;72;143;0;0;0;68;29;45;8;6609;2778;1504;1329;5;129;144434;10;763;16;954;2;389;57;2076154;28;74439;113;0;72;84;0;74;0;1
234;https://empirenews.net/after-record-number-of-children-disappear-man-arrested-with-47-kids-found-locked-in-his-basement/;10;1;0;1;0;276;7;111;72;143;0;0;0;68;29;45;8;6046;2271;997;837;5;131;145168;8;711;0;891;2;389;51;1956864;27;74353;106;0;74;84;0;74;0;1
235;https://empirenews.net/parents-concerned-by-the-lack-of-drugs-found-mixed-in-with-childrens-halloween-candy/;14;4;1;1;0;276;7;109;72;143;0;0;0;68;29;45;8;6206;2452;1178;1178;5;129;144862;8;709;12;955;2;389;57;1986493;27;74361;109;0;73;84;0;74;0;1
236;https://crooksandliars.com/2021/11/alex-jones-found-guilty-all-sandy-hook#insticator-commenting;16;2;8;0;5;486;21;139;51;46;2;3;2;98;42;31;21;4224;2250;1996;1168;51;69;253355;15;2908;0;7822;3;303;171;12038058;170;735595;622;147780;-79;51;100;-242;0;2
237;https://crooksandliars.com/2021/11/peter-navarro-subpoenaed-house-covid-panel;17;3;0;0;5;495;22;143;51;46;2;3;2;100;42;31;21;4385;2439;2046;1305;51;70;253952;17;3683;0;6330;3;310;176;11539037;196;823746;678;147780;-93;33;100;-310;0;2
238;https://apnews.com/article/crime-milwaukee-388eec09cc3543874d30352e197168ca;12;12;5;1;0;305;13;112;13;102;19;9;0;54;42;29;42;7722;6787;5707;4334;1;56;398844;42;600;1;2133;0;97;6;2980946;84;248375;231;0;41;95;100;-1;1;5
239;https://abcnews.go.com/Politics/house-democrats-pass-sweeping-social-spending-climate-policy/story?id=81257723;14;2;9;1;0;234;4;55;20;91;16;3;1;34;61;14;0;10116;8100;6968;5353;2;39;373603;43;596;0;912;0;117;10;2409077;35;148304;96;76960;74;100;100;45;1;4
240;https://abcnews.go.com/Politics/whats-stake-security-nation-nsa-chief-defending-us/story?id=81258606;14;9;3;1;0;167;1;47;8;53;11;3;1;32;61;14;0;6129;4962;4465;3791;2;31;337826;27;389;1;615;0;117;10;1841032;31;97182;76;76960;81;100;100;56;1;4
241;https://abcnews.go.com/Politics/gops-post-trump-planning-hits-trumpian-obstacles-note/story?id=81262931;9;5;2;1;0;152;1;60;6;48;10;3;1;32;61;14;0;5218;4128;2798;2422;3;43;338213;30;396;1;641;0;117;10;2056949;31;97332;79;108286;77;100;100;56;1;4
242;https://abcnews.go.com/Politics/republican-governors-embrace-youngkin-playbook-winning-model-midterms/story?id=81261587;6;5;5;1;0;161;1;47;6;43;8;3;1;32;61;14;0;5696;4686;4403;4239;2;31;331388;21;357;1;564;0;117;10;1790558;31;96870;75;66286;83;100;100;56;1;4
243;https://abcnews.go.com/Politics/harris-shes-underused-insists-things/story?id=81234331;13;17;5;1;0;176;1;47;10;56;12;3;1;32;61;14;0;7338;5984;5607;5226;2;31;343014;27;409;1;644;0;117;10;1793955;31;98149;75;66286;83;100;100;56;1;4
244;https://abcnews.go.com/Politics/amid-economic-woes-biden-voters-economy-faltering-speak/story?id=81207785;6;14;3;1;0;164;1;51;6;46;10;3;1;32;61;14;0;7268;6139;5781;4836;2;35;338803;29;380;1;585;0;117;10;1874663;31;97547;76;76960;81;100;100;56;1;4
245;https://abcnews.go.com/Politics/dr-anthony-fauci-sunday-week-anchor-martha-raddatz/story?id=81278449;2;1;0;1;0;136;1;45;2;26;7;3;1;33;60;14;0;635;190;190;0;2;29;314549;26;305;1;576;0;117;10;1980094;31;95827;77;96600;79;100;100;56;1;4
246;https://abcnews.go.com/Politics/house-plans-vote-wednesday-censure-gop-rep-gosar/story?id=81212617;9;4;2;1;0;197;6;57;12;71;13;3;1;36;60;14;0;6741;5681;4778;3216;2;41;355657;33;495;3;926;0;117;10;2926647;36;185122;121;76960;68;100;100;32;1;4
247;https://abcnews.go.com/Politics/biden-pardon-turkeys-peanut-butter-jelly-ahead-thanksgiving/story?id=81254568;4;12;3;1;0;201;4;51;14;68;13;3;1;34;61;14;0;7252;5887;4833;3426;2;35;352244;34;490;0;857;0;117;10;2495644;35;144621;97;87070;72;100;100;46;1;4
248;https://abcnews.go.com/Politics/biden-physical-president-power-transferred-vp-harris/story?id=81259020;5;2;1;1;0;162;2;48;8;46;9;3;1;32;61;14;0;7868;6797;5994;4412;2;32;338874;40;442;1;839;0;275;27;2566051;38;154652;131;76960;68;99;100;54;1;4
249;https://abcnews.go.com/Politics/democracy-line-election-officials-face-ongoing-threats-jobs/story?id=81278394;8;10;5;1;0;179;1;57;10;64;10;3;1;32;61;14;0;5480;4122;2839;1847;6;37;345439;26;429;1;645;0;117;10;1818765;31;98367;75;66286;82;100;100;56;1;4
250;https://abcnews.go.com/Politics/booster-shot-experts-time/story?id=81203854;16;15;2;1;0;171;2;50;8;51;11;3;1;32;61;14;0;7338;5973;4847;3442;2;34;340536;38;573;1;1031;0;119;20;3647557;32;205369;111;208790;54;99;100;45;1;4
251;https://abcnews.go.com/Politics/biden-nominates-federal-reserve-chair-jerome-powell-term/story?id=81327136;7;5;2;1;0;178;5;51;8;56;10;3;1;35;60;14;0;7496;6345;6075;5572;2;35;349344;30;434;3;812;0;117;10;2657607;35;171837;110;76960;71;100;100;35;1;4
252;https://abcnews.go.com/Politics/majorities-back-maintaining-roe-wade-oppose-states-abortion/story?id=81095216;2;1;5;1;4;134;1;49;4;29;7;3;1;32;61;14;0;5595;5153;4609;4073;2;33;325986;26;306;1;582;0;117;10;1962034;32;96006;77;66286;81;100;100;55;1;4
253;https://abcnews.go.com/Politics/trump-impeachment-prosecutor-daniel-goldman-announces-run-york/story?id=81210190;4;0;1;1;0;149;1;50;4;38;9;3;1;33;60;14;0;3201;2245;1793;1088;2;34;325579;13;326;1;555;0;117;10;1806240;30;96695;74;66286;83;100;100;57;1;4
254;https://abcnews.go.com/Politics/rep-liz-cheney-ousted-wyoming-gop/story?id=81206853;8;5;4;1;0;182;1;57;10;55;9;3;1;32;61;14;0;5815;4494;3969;3451;2;41;340405;24;423;1;697;0;117;10;1905295;31;98060;76;76960;81;100;100;56;1;4
255;https://abcnews.go.com/Politics/biden-democrats-hit-road-show-infrastructure-law-americans/story?id=81204734;5;9;5;1;0;197;1;50;14;74;13;3;1;32;61;14;0;7402;6047;5178;3383;2;34;352047;32;475;1;747;0;117;10;1830625;31;99410;75;66286;82;100;100;56;1;4
256;https://abcnews.go.com/Politics/white-house-insists-biden-xi-friends-monday-meeting/story?id=81211812;6;12;6;1;0;185;1;51;10;61;11;3;1;32;61;14;0;6222;4735;4069;3220;2;35;342339;31;437;1;636;0;117;10;1892615;30;98328;74;76960;81;100;100;58;1;4
257;https://abcnews.go.com/Politics/secretary-state-antony-blinken-making-1st-trip-africa/story?id=81207112;6;5;6;1;0;170;1;53;8;51;11;3;1;32;61;14;0;7847;6817;6338;5578;3;36;341575;22;392;1;581;0;117;10;1847685;31;98235;75;66286;82;100;100;56;1;4
258;https://abcnews.go.com/Politics/clock-ticks-house-passing-social-spending-infrastructure-bill/story?id=81208211;3;1;6;1;0;158;1;46;6;44;10;3;1;32;61;14;0;4726;3652;2907;2013;2;30;330424;28;362;1;595;0;117;10;1877845;31;97018;76;76960;81;100;100;56;1;4
259;https://abcnews.go.com/Politics/democrats-seek-short-term-gains-long-term-investments/story?id=81212242;4;3;4;1;0;152;1;57;6;45;7;3;1;32;61;14;0;5439;4557;3978;3318;3;40;334019;27;374;1;609;0;117;10;2042278;31;97206;79;108286;77;100;100;56;1;4
260;https://abcnews.go.com/Politics/gas-prices-soaring-biden-calls-probe-illegal-conduct/story?id=81230075;5;7;6;1;0;159;3;50;6;43;9;3;1;32;61;14;0;4086;3444;3100;2762;2;34;331382;20;487;1;979;0;297;27;3230653;44;337687;144;66286;61;99;100;53;1;4
261;https://abcnews.go.com/Politics/catholic-bishops-approve-guidance-communion-pro-abortion-rights/story?id=81206649;4;3;3;1;0;155;1;47;6;43;10;3;1;32;61;14;0;4649;4035;3447;2595;2;31;329186;21;349;1;598;0;117;10;1839399;31;96794;75;66286;83;100;100;56;1;4
262;https://thehill.com/homenews/senate/582657-warren-to-oppose-powell-for-new-fed-term-citing-regulation-failures;4;9;3;1;16;407;0;294;13;90;3;27;2;87;32;16;2;5581;3250;1447;577;6;20;174076;15;1186;19;268;1;192;19;670550;1;52325;34;107252;80;88;50;84;1;5
263;https://thehill.com/homenews/senate/582457-senate-democrats-look-to-fix-ugly-polling-numbers;6;23;8;1;16;411;0;324;17;112;3;27;2;91;32;16;2;10200;7235;4909;2099;6;19;188059;37;1270;19;282;1;192;19;688073;1;53306;38;107252;80;88;50;84;1;5
264;https://thehill.com/policy/healthcare/582612-over-90-percent-of-federal-workers-vaccinated-by-deadline;6;6;2;1;16;407;0;266;9;77;3;27;2;87;32;16;2;4962;3020;1400;1216;6;19;168404;12;1138;19;256;1;192;19;652178;1;52051;30;107252;81;88;50;86;1;5
265;https://thehill.com/regulation/court-battles/582645-jan-6-committee-tells-court-it-urgently-needs-trump-records;5;8;5;1;15;406;0;266;8;64;3;27;2;87;32;16;2;5641;3810;2464;2305;6;20;169066;13;1123;19;251;1;192;19;650400;1;52072;29;107252;81;88;50;86;1;5
266;https://thehill.com/homenews/campaign/582588-welch-to-seek-senate-seat-in-vermont;4;4;3;1;16;356;0;276;10;88;3;9;2;87;32;16;2;4719;3055;1468;801;6;23;163818;18;1086;19;245;1;187;19;654488;1;51250;31;0;83;88;50;85;1;5
267;https://thehill.com/policy/healthcare/582652-house-covid-19-panel-seeks-interview-with-former-trump-fda-leader-hahn;7;8;3;1;16;409;0;269;9;79;3;27;2;89;32;16;2;5463;3355;1850;1497;6;19;169358;15;1149;19;255;1;192;19;653236;1;52093;30;107252;81;88;50;86;1;5
268;https://thehill.com/policy/finance/budget/582426-one-of-senates-most-powerful-spending-committees-could-be-led-by-women;4;16;6;1;15;410;1;322;16;138;3;27;2;91;32;16;2;9158;5890;3914;2339;6;26;186369;31;1288;19;313;1;192;19;718794;3;53182;40;107252;78;88;50;80;1;5
269;https://thehill.com/homenews/campaign/582632-72-percent-of-arizona-democrats-say-they-would-prefer-democrat-other-than;3;3;3;1;16;356;0;284;11;82;3;9;2;87;32;16;2;4879;2742;955;783;6;19;165359;15;1083;19;251;1;187;19;669298;1;51542;32;107252;81;88;50;84;1;5
270;https://thehill.com/homenews/media/582647-cnn-airs-live-censorship-in-china-when-covering-tennis-star;4;3;6;1;16;356;0;292;11;81;3;9;2;87;32;16;2;5483;3280;1727;878;6;28;167970;25;1105;19;260;1;187;19;657718;1;51729;32;107252;81;88;50;84;1;5
271;https://thehill.com/policy/technology/582655-democrats-press-facebook-over-inconsistency-on-ad-targeting-for-teens;3;9;3;1;15;408;0;275;10;83;3;27;2;89;32;16;2;3942;1930;495;495;6;21;172684;15;1158;19;254;1;192;19;658361;1;52205;31;107252;81;88;50;85;1;5
272;https://thehill.com/homenews/campaign/582431-pence-to-give-speech-on-abortion-battle-ahead-of-supreme-court-case;4;1;4;1;16;359;0;260;8;65;3;9;2;87;32;16;2;4842;3295;2099;1457;6;21;161440;15;1042;19;252;1;187;19;646682;1;51141;29;107252;81;88;50;86;1;5
273;https://thehill.com/homenews/campaign/582433-republicans-eager-to-take-on-spanberger-in-virginia;4;14;15;1;16;363;0;305;14;99;3;9;2;91;32;16;2;11290;8259;5891;4162;6;19;179416;37;1157;19;261;1;187;19;674946;1;52451;35;107252;81;88;50;84;1;5
274;https://thehill.com/homenews/sunday-talk-shows/582550-biden-administration-democrats-optimistic-as-social-spending-bill;5;10;7;1;16;351;0;328;17;125;3;9;2;83;32;16;2;8603;5583;4054;3675;6;26;176916;24;1178;19;257;1;187;19;693641;1;52308;38;107252;81;88;50;84;1;5
275;https://thehill.com/changing-america/enrichment/arts-culture/582639-jeff-bezos-is-donating-100-million-to-the-obama;53;7;2;1;3;112;0;157;28;17;3;10;2;44;33;14;2;4033;2260;1819;1018;0;17;98316;26;610;13;98;0;57;4;959618;3;35192;46;36196;86;100;50;84;1;5
276;https://thehill.com/homenews/senate/582620-bipartisan-senators-press-fbi-inspector-general-for-changes-following-nassar;3;7;3;1;16;409;0;270;9;85;3;27;2;89;32;16;2;5118;2996;1688;1156;6;23;175850;20;1161;19;271;1;192;19;656559;1;52420;30;0;82;88;50;86;1;5
277;https://thehill.com/opinion/energy-environment/582635-cutting-industry-emissions-another-reason-senate-must-pass-build;3;10;4;1;16;409;0;272;7;60;3;27;2;86;32;16;2;8103;6074;4393;4059;6;36;174471;17;1134;19;248;1;192;19;684474;1;52471;29;107252;80;88;50;87;1;5
278;https://thehill.com/policy/healthcare/582512-trump-tells-former-aide-navarro-to-protect-executive-privilege-in-house;7;7;3;1;16;409;0;267;8;79;3;27;2;89;32;16;2;5607;3664;2310;1465;6;25;171745;21;1158;19;256;1;192;19;650732;1;52179;29;107252;81;88;50;86;1;5
279;https://thehill.com/policy/defense/582629-chinese-hypersonic-missile-test-revealed-unprecedented-military-capability;3;7;2;1;15;408;0;262;8;68;3;27;2;89;32;16;2;5194;3379;1917;1735;6;22;169537;16;1129;19;238;1;192;19;649330;1;52029;29;107252;81;88;50;86;1;5
280;https://thehill.com/policy/defense/air-force/582617-air-force-pilot-killed-others-hurt-in-accident-on-runway-at-texas;3;5;3;1;15;405;0;255;7;58;3;27;2;87;32;16;2;4015;2291;720;232;6;22;165604;15;1107;19;273;1;192;19;679448;1;51820;29;107252;80;88;50;87;1;5
281;https://thehill.com/policy/international/russia/582603-us-intelligence-shows-preparations-for-rapid-russian-push-into;4;10;5;1;15;408;0;264;8;65;3;27;2;89;32;16;2;5574;3475;1840;1305;6;22;169590;16;1128;19;249;1;192;19;650177;1;51991;29;107252;81;88;50;86;1;5
282;https://thehill.com/policy/defense/marine-corps/582554-marines-on-track-to-have-militarys-lowest-vaccine-compliance;9;4;1;1;15;406;0;263;8;64;3;27;2;87;32;16;2;5144;3298;1591;1591;6;21;167801;15;1122;19;280;1;192;19;649798;1;51930;29;0;83;88;50;86;1;5
283;https://thehill.com/policy/finance/581593-biden-renominates-powell-as-fed-chair-nominates-brainard-as-vice-chair;4;8;11;1;15;410;1;299;13;91;3;27;2;91;32;16;2;8413;5555;4066;3213;6;19;181594;29;1213;19;277;1;192;19;717039;3;52794;37;107252;78;88;50;80;1;5
284;https://thehill.com/policy/healthcare/582616-fauci-warns-about-prematurely-dropping-mask-mandate-as-dc-lifts-requirement;4;16;4;1;16;409;0;275;9;82;3;27;2;89;32;16;2;5280;3318;1495;813;6;21;172152;16;1159;19;280;1;192;19;652885;1;52258;30;107252;81;88;50;86;1;5
285;https://thehill.com/policy/technology/overnights/582430-hillicon-valley;10;8;6;1;15;414;0;318;20;121;3;27;2;87;32;16;2;10895;8007;5691;4681;6;41;186445;69;1341;19;272;1;192;19;1013032;2;53210;41;107252;79;88;50;84;1;5
286;https://www.aljazeera.com/news/2021/11/22/lukashenko-warns-against-flare-up-as-poland-belarus-border-crisis-continues;1;2;7;1;5;424;13;63;13;265;83;4;0;80;34;191;20;5221;3936;1927;1547;15;161;623511;49;1424;0;2805;33;159;710;5766434;57;244309;139;0;-23;-106;100;42;1;4
287;https://www.aljazeera.com/news/2021/11/22/us-must-accept-reality-lift-sanctions-says-irans-negotiator;13;1;6;1;3;339;11;66;13;186;60;4;0;78;34;191;20;5650;4324;3228;1977;15;161;567577;46;1179;0;1855;15;159;709;3331147;39;214683;95;0;33;-21;100;55;1;4
288;https://www.aljazeera.com/news/2021/11/22/refugees-crossing-polish-border-recite-tales-of-horror;3;5;5;1;5;174;7;65;15;29;14;4;0;72;32;191;18;8884;7110;4859;3494;15;161;449099;55;555;0;1501;1;99;692;2202823;49;168420;111;0;62;28;100;57;1;4
289;https://www.aljazeera.com/news/2021/11/22/interim-leader-dbeibah-to-run-for-libyan-elections;3;1;7;1;4;252;4;64;15;103;36;4;0;54;24;191;19;4818;3669;2346;1290;15;161;541114;30;937;0;2435;13;162;710;4129773;75;232870;188;0;26;-24;100;36;1;4
290;https://www.aljazeera.com/news/2021/11/22/sudans-reinstated-pm-hamdok-promises-a-path-to-democracy;0;4;4;1;4;343;11;63;13;188;60;4;0;78;33;191;20;5017;3880;2241;1013;15;161;582279;51;1136;0;2495;21;159;709;4060002;57;244853;131;0;28;-49;100;46;1;4
291;https://www.aljazeera.com/news/2021/11/22/the-diverse-cast-bringing-rumi-alive-to-londons-west-end;0;3;13;1;5;185;7;65;16;36;14;4;0;72;32;191;18;5538;4545;2436;1258;15;161;497151;31;566;0;1369;1;99;692;2383245;49;171413;111;0;61;28;100;57;1;4
292;https://www.aljazeera.com/news/2021/11/22/several-dead-as-car-plows-through-waukesha-christmas-parade;1;7;4;1;3;145;8;56;13;18;14;4;0;74;31;191;18;5703;4924;3044;1644;15;161;353939;31;581;0;1884;1;106;692;3061375;63;213531;172;0;47;15;100;41;1;4
293;https://www.aljazeera.com/news/2021/11/22/xi-china-will-not-seek-dominance-over-southeast-asia;6;3;13;1;5;339;6;64;15;184;59;4;0;56;25;191;19;6581;5244;3106;2420;15;161;586692;47;1146;0;2327;21;159;709;4544407;57;243373;132;0;11;-49;100;43;1;4
294;https://www.aljazeera.com/economy/2021/11/22/small-businesses-bear-the-brunt-of-nigerian-separatist-lockdowns;6;7;12;1;4;131;7;59;11;18;14;4;0;72;32;191;17;6948;6293;6046;6046;15;161;342071;27;457;0;1248;1;99;692;2007248;49;165458;110;0;64;28;100;57;1;4
295;https://www.aljazeera.com/news/2021/11/22/in-first-us-added-to-annual-list-of-backsliding-democracies;4;1;4;1;4;331;6;70;13;197;59;4;0;56;25;191;19;4684;3581;2109;1379;15;161;513545;40;1148;0;2317;21;159;709;5586383;57;241233;132;0;-12;-49;100;45;1;4
296;https://www.aljazeera.com/economy/2021/11/22/imf-revives-6bn-bailout-for-pakistans-economy;1;3;5;1;3;174;7;62;14;24;14;4;0;72;31;191;18;3504;2532;1578;1218;15;161;472092;27;529;16;1370;1;99;692;2162574;48;180539;111;0;58;27;100;58;1;4
297;https://www.aljazeera.com/economy/2021/11/22/biden-taps-powell-for-second-term-as-federal-reserve-chief;1;5;7;1;4;166;7;63;15;24;14;4;0;72;32;191;18;5491;4530;4194;2650;15;161;443582;32;518;0;1328;1;99;692;2310656;49;168595;111;0;62;28;100;58;1;4
298;https://www.aljazeera.com/news/2021/11/22/oman-qatar-sign-six-agreements-during-sultans-visit-to-doha;1;1;5;1;3;161;8;60;13;22;14;4;0;74;31;191;18;1929;973;498;498;15;161;419587;15;504;0;1436;1;99;692;2631370;51;195817;132;0;57;28;100;49;1;4
299;https://www.aljazeera.com/news/2021/11/22/bahrain-foils-planned-attack-accuses-iran;0;2;5;1;3;162;7;59;13;22;14;4;0;72;31;191;18;2899;1765;805;485;15;161;408975;17;489;0;1292;1;99;692;2493755;49;172290;118;0;60;28;100;58;1;4
300;https://www.latimes.com/world-nation/story/2021-11-22/suv-driver-wisconsin-parade-crash;6;12;2;1;0;242;5;207;10;62;9;2;2;74;38;32;16;6920;5727;4724;3511;1;221;313593;77;1023;1;1034;0;84;25;1761046;60;168795;122;0;78;100;100;51;1;4
301;https://www.latimes.com/business/story/2021-11-22/buy-nothing-groups-dont-have-supply-chain-holiday-shopping-problems;15;34;8;1;0;275;6;237;17;65;9;2;2;74;48;32;16;13099;11109;8665;6693;2;249;361967;113;1163;1;1069;0;84;25;1873994;60;168348;122;0;78;100;100;51;1;4
302;https://www.latimes.com/california/story/2021-11-22/fat-leonard-goes-public-with-a-surprise-podcast-navy-corruption-scandal;4;16;7;1;3;251;5;214;12;63;9;2;2;74;39;32;16;12642;10689;10077;8354;1;227;331095;91;1070;1;1075;0;84;25;1806098;60;167966;121;0;78;100;100;51;1;4
303;https://www.latimes.com/california/story/2021-11-22/california-farmworkers-migration-heat-high-prices;6;20;1;1;0;273;5;221;17;66;9;2;2;74;40;32;16;11821;10234;8038;6694;1;234;349241;94;1131;1;1039;0;84;25;1797254;60;167433;121;0;78;100;100;51;1;4
304;https://www.latimes.com/entertainment-arts/tv/story/2021-11-22/fox-contributors-jonah-goldberg-stephen-hayes-quit-over-tucker-carlson-jan-6-documentary;6;3;4;1;0;257;5;226;19;66;9;2;2;74;40;32;16;5281;3697;2675;2003;1;239;353861;69;1147;1;1188;0;84;25;1756545;64;168441;135;0;76;99;100;45;1;4
305;https://www.latimes.com/california/story/2021-11-22/skelton-california-newsom-projection-budget-surplus-gann-limit;5;10;4;1;0;252;5;220;12;66;9;2;2;74;41;32;16;7099;5127;3870;2658;1;233;324719;89;1080;1;1221;0;84;25;1623918;60;166077;121;0;78;100;100;52;1;4
306;https://www.latimes.com/california/story/2021-11-21/magnitude-3-0-earthquake-hits-near-ridgecrest;6;3;0;1;0;247;5;223;10;62;9;2;2;74;40;32;16;2627;1262;764;265;1;236;310018;53;1089;1;1198;0;84;25;1751778;64;164819;129;0;77;99;100;45;1;4
307;https://www.latimes.com/california/story/2021-11-22/colorados-covid-19-surge-is-an-urgent-warning-for-california;32;15;6;1;0;287;8;267;18;69;9;2;2;74;44;32;16;14776;12244;9871;7307;1;279;376487;126;1361;1;1786;0;96;39;2435670;63;169307;149;0;55;75;100;47;1;4
308;https://www.latimes.com/politics/story/2021-11-21/redistricting-jockeying-latinos-asian-americans-lgbtq;14;13;16;1;0;251;6;224;12;65;9;2;2;74;48;32;16;8107;6589;5714;4310;1;237;332454;85;1082;1;1251;0;84;25;1630929;60;166624;121;0;78;100;100;51;1;4
309;https://www.latimes.com/california/newsletter/2021-11-19/california-politics-the-decade-that-rescued-the-state-budget-ca-politics;9;6;7;1;5;220;5;219;11;61;8;2;2;75;41;31;14;8124;5837;4736;3834;1;230;312798;63;1021;1;1016;0;83;25;1683937;60;167075;121;0;79;100;100;52;1;4
310;https://www.latimes.com/politics/story/2021-11-18/republican-kevin-faulconer-eyes-rematch-with-gavin-newsom;10;14;9;1;0;253;5;240;12;66;9;2;2;74;42;32;16;6124;4404;3289;2426;1;253;329941;81;1161;1;1094;0;84;25;1747233;65;166372;130;0;77;99;100;45;1;4
311;https://www.latimes.com/california/story/2021-11-17/huge-california-state-budget-surplus-will-test-legal-spending-limit-analysts-report;4;4;2;1;0;242;5;216;10;66;9;2;2;74;41;32;16;4077;2814;2814;2119;1;229;309177;52;1022;1;1042;0;84;25;1731387;60;165057;119;0;79;100;100;51;1;4
312;https://www.latimes.com/california/story/2021-11-21/orange-county-businessman-anti-covid-vaccine-venice;7;14;7;1;0;254;5;213;13;65;9;2;2;74;41;32;16;7839;6633;5759;4319;1;226;323202;68;1115;1;1086;0;84;25;1773425;64;167597;127;0;77;99;100;45;1;4
313;https://www.latimes.com/california/story/2021-11-16/remote-in-person-work-covid-safety-household-famiy;5;2;2;1;0;238;6;212;10;64;9;2;2;75;41;32;16;1765;712;712;547;1;225;301667;44;1142;1;1125;0;442;49;2257882;66;166020;135;137640;62;98;0;51;1;4
314;https://www.latimes.com/california/story/2021-11-16/stranded-by-the-pandemic-he-had-only-travel-insurance-it-left-him-with-a-38-000-bill;5;6;3;1;0;247;5;215;11;60;9;2;2;74;39;32;16;5781;4635;4309;3749;1;229;320920;71;1033;1;1171;0;84;25;1720861;60;166088;121;0;78;100;100;51;1;4
315;https://www.latimes.com/california/story/2021-11-18/california-community-college-students-choosing-jobs-over-class-likely-fuel-enrollment-drop;6;4;2;1;0;242;5;213;11;66;9;2;2;77;41;32;16;4891;3824;3603;2711;1;226;314257;57;1023;1;1036;0;84;25;1721996;61;165310;122;0;79;100;100;52;1;4
316;https://www.latimes.com/politics/story/2021-11-16/jackie-speier-to-retire-from-congress;7;6;9;1;0;258;5;232;13;71;9;2;2;74;42;32;16;7757;6157;4545;3847;1;244;330660;84;1114;1;1020;0;84;25;1669191;61;166316;123;0;79;100;100;51;1;4
317;https://www.latimes.com/california/story/2021-11-17/california-medical-board-member-calls-out-his-colleagues;6;14;7;1;0;279;5;233;17;66;9;2;2;77;42;32;16;16319;14157;12492;10878;1;246;363572;130;1242;1;1175;0;84;25;1726279;64;173668;128;0;76;99;100;45;1;4
318;https://www.latimes.com/california/story/2021-11-15/skelton-salt-cap-congress-california;16;7;6;1;0;252;5;220;12;66;9;2;2;74;41;32;16;6822;5275;3562;2501;1;233;323326;85;1076;1;1037;0;84;25;1752338;61;168466;121;0;78;99;100;51;1;4
319;https://www.latimes.com/politics/story/2021-11-11/california-congressional-redistricting-latino-roybal-allard;5;5;11;1;0;256;5;228;13;65;9;2;2;74;41;32;16;6533;5073;4102;2829;1;241;326697;74;1139;1;1044;0;84;25;1672994;60;164530;119;0;79;99;100;51;1;4
320;https://www.latimes.com/california/story/2021-11-17/as-garcetti-waits-senators-review-allegations-in-harassment-lawsuit-involving-key-aide;4;1;3;1;0;252;5;225;12;65;9;2;2;74;41;32;16;6862;5256;4822;4260;1;238;324867;70;1123;1;1089;0;84;25;1627649;59;165723;118;0;79;99;100;51;1;4
321;https://crooksandliars.com/2021/11/lofgren-many-jan-6th-committee-witnesses;19;13;2;0;5;495;20;156;52;49;2;3;2;98;43;31;21;5162;3363;3236;2560;55;75;256368;14;3356;0;6056;2;302;165;10392904;189;679200;653;147780;-78;42;100;-287;0;1
322;https://crooksandliars.com/2021/11/chuck-todd-lets-goper-claim-dems-have;22;12;2;0;5;492;20;146;52;49;2;3;2;98;42;31;21;4420;2386;2386;1883;55;69;254345;14;3279;0;5929;2;366;171;9962447;191;607246;628;147780;-64;57;100;-270;0;1
323;https://crooksandliars.com/2021/11/kevin-mccarthy-moans-about-dems-heckling;17;8;1;0;5;492;22;145;52;49;2;3;2;101;42;33;21;4173;2253;2146;1492;55;71;257673;13;3521;0;6846;2;367;173;10452982;198;674989;667;147780;-87;1;100;-304;0;1
324;https://americasfreedomfighters.com/muslim-texas/;162;12;8;3;2;195;20;114;37;79;2;36;4;117;42;65;16;8785;7553;6720;6226;3;152;168426;32;2163;27;2622;2;688;117;3532525;57;170432;270;25664;17;20;-200;13;0;1
325;https://americasfreedomfighters.com/hilarious-joke-about-nancy-pelosi-and-chuck-schumer-has-democrats-seething-8/;113;12;0;3;2;191;18;113;38;76;2;36;4;116;40;65;16;4625;3126;1422;619;3;151;166821;37;2146;0;2545;2;691;117;4182496;59;172521;268;25664;19;20;-200;16;0;1
326;https://americasfreedomfighters.com/chemical-weapons-attack/;159;13;3;4;2;192;22;118;38;82;2;36;4;117;41;65;16;5688;4243;2885;1712;3;156;170522;43;2082;0;2223;2;691;117;3593798;55;232691;256;25664;19;20;-200;25;0;1
327;https://americasfreedomfighters.com/crazy-terrorist-black/;310;16;2;3;2;192;21;117;37;79;2;36;4;118;42;65;16;6547;5010;3547;2531;3;155;171997;50;2172;0;2759;2;691;118;4233444;61;230047;291;25664;17;20;-200;9;0;1
328;https://americasfreedomfighters.com/watch-as-kid-spots-cop-eating-alone-in-diner-walks-up-and-gives-him-something-hell-never-forget-2/;111;12;0;3;2;194;21;116;36;77;2;36;4;118;40;65;16;4402;2791;2158;1163;6;150;169000;39;2220;0;3886;2;1039;145;6621525;73;229304;390;25664;-19;-43;-400;-22;0;1
329;https://americasfreedomfighters.com/steve-bannon-indicted/;109;9;8;3;2;197;16;113;37;79;2;36;4;116;41;65;16;6412;4713;3586;3092;3;151;166517;39;2178;0;3178;2;688;118;3527421;57;170603;280;25664;19;20;-200;11;0;1
330;https://americasfreedomfighters.com/riots-fires-and-bloodshed/;113;14;2;3;2;192;20;114;37;79;2;36;4;117;41;65;16;4993;3722;2883;1897;3;152;167107;29;2117;0;3036;2;688;116;3601903;57;178044;275;25664;18;20;-200;11;0;1
331;https://americasfreedomfighters.com/shooting-trump-supporters/;112;21;0;3;2;191;16;115;38;79;2;36;4;116;41;65;16;6274;4830;3860;3046;3;153;166092;36;2085;24;2627;2;688;117;4753775;58;238149;261;25664;17;20;-200;22;0;1
332;https://americasfreedomfighters.com/breaking-authorities-just-made-alarming-find-buried-by-where-muslims-bought-cellphones/;113;10;0;4;2;191;16;114;36;76;2;36;4;116;40;65;16;4884;3395;2762;2268;4;151;166625;27;2066;24;2485;2;688;115;3593377;57;172150;269;25664;18;20;-200;17;0;1
333;https://americasfreedomfighters.com/what-happens-next-is/;111;14;1;3;2;191;18;112;38;76;2;36;4;116;40;65;16;5492;3540;2211;1544;4;149;166672;42;2158;0;2229;2;691;118;3581677;55;172409;257;25664;20;20;-200;25;0;1
334;https://americasfreedomfighters.com/fda-makes/;153;22;2;3;8;192;20;124;37;80;2;36;4;117;41;65;16;9981;7314;4264;2584;4;159;175419;55;2233;24;2424;2;688;119;3506248;56;169485;263;25664;17;20;-200;20;0;1
335;https://americasfreedomfighters.com/man-has-to-say/;113;18;0;3;2;192;21;113;37;76;2;36;4;117;40;65;16;4921;3586;2988;2339;4;150;167098;28;2502;24;2662;2;755;127;4411248;63;240498;279;25664;11;20;-200;21;0;1
336;https://americasfreedomfighters.com/texas-they-got-son/;140;3;6;4;2;195;20;114;37;81;2;36;4;117;41;65;16;5406;4017;3033;2200;3;152;165704;27;2123;27;2408;2;688;119;3675811;57;237474;263;25664;17;20;-200;21;0;1
337;https://americasfreedomfighters.com/breaking-war-alert/;109;10;1;3;2;192;18;118;37;80;2;36;4;118;41;65;16;5502;4071;3343;2299;3;156;165536;34;2190;0;2620;2;688;118;4124108;62;283038;283;25664;17;20;-200;11;0;1
338;https://americasfreedomfighters.com/clinton-insider-exposes-obamas-biggest-secret-massive-cash-bribe-to-rig-the-election/;106;15;4;3;2;192;16;117;37;76;2;36;4;116;40;65;16;5746;3892;2793;1581;3;155;168050;42;2117;25;2280;2;688;117;3582519;57;171031;260;25664;18;20;-200;21;0;1
342;https://www.wnd.com/2022/01/dr-peter-mccullough-official-covid-narrative-crumbled/;30;8;5;1;2;425;25;167;48;77;1;18;4;101;39;26;27;10296;7671;6719;5797;6;161;863422;52;1334;0;2641;5;222;11;10134689;92;296881;247;15024;17;59;100;-1;0;1
343;https://www.wnd.com/2022/01/battle-private-money-influencing-americas-voting-heats/;26;7;9;1;2;403;27;179;47;75;1;18;4;103;38;26;27;11026;8592;7070;5676;7;173;867660;71;1546;1;3036;5;222;11;10643997;97;278817;273;15024;11;59;100;-13;0;1
344;https://www.wnd.com/2022/01/biden-creating-database-people-religious-beliefs/;28;2;1;1;2;379;24;164;47;76;1;18;4;100;38;26;27;4752;2996;2517;2351;6;158;847453;34;1460;1;3082;5;219;10;10089901;94;225256;268;7512;16;59;100;-19;0;1
345;https://www.wnd.com/2022/01/bail-charities-facing-crackdown-2-freed-suspects-accused-murder/;26;5;4;1;2;381;25;161;47;76;1;18;4;102;38;26;27;6712;5013;3971;3648;6;155;850523;39;1458;1;2900;5;222;11;10078489;95;225041;253;15024;15;59;100;-2;0;1
346;https://www.wnd.com/2022/01/fossil-fuels-proliferate-climate-industrial-complex-clueless/;26;4;2;1;2;393;25;176;47;75;1;18;4;103;38;27;27;6416;4303;2961;2592;6;172;856481;41;1488;1;2752;5;222;11;10017446;93;232370;247;7512;18;59;100;-4;0;1
347;https://www.wnd.com/2022/01/muslim-nation-tries-married-christian-couple-adultery/;27;1;2;1;2;387;25;162;47;76;1;18;4;101;38;27;27;5873;4027;3521;3336;6;157;847939;34;1453;1;2644;4;219;10;10162714;93;305270;253;7512;18;59;100;-2;0;1
348;https://www.wnd.com/2022/01/democrat-former-lawmakers-contracted-lobby-north-korean-investment/;30;6;5;1;2;403;24;165;49;76;1;12;3;102;35;26;26;5760;3967;3369;3016;8;158;849931;33;1438;1;2575;4;222;11;10227428;94;374534;254;15024;15;59;100;-6;0;1
349;https://www.wnd.com/2022/01/return-roaring-20s/;24;8;2;1;2;382;24;165;47;75;1;18;4;102;38;26;27;7884;6249;5785;5476;6;160;854101;37;1466;1;2713;5;222;11;10015136;92;230995;249;15024;17;59;100;-2;0;1
350;https://www.wnd.com/2022/01/quietly-objections-national-digital-vaccine-card-emerged/;18;2;0;1;2;376;18;152;44;77;1;12;3;97;33;24;21;3394;1920;1424;1239;6;150;405359;20;831;13;1814;5;161;5;3706674;82;194486;224;15024;52;72;100;4;0;1
351;https://www.wnd.com/2022/01/man-dies-euthanasia-even-though-medical-condition-not-terminal/;24;8;3;1;2;408;23;170;47;76;1;18;4;101;35;26;27;5225;3484;2735;2537;6;165;850918;27;1456;1;2837;5;222;11;10089741;90;216628;258;15024;16;71;100;-13;0;1
352;https://www.wnd.com/2022/01/lawsuit-filed-block-law-requiring-humane-burial-victims-abortion/;29;11;4;1;2;414;25;169;47;77;1;18;4;102;35;26;27;7020;5014;4291;3785;6;164;856692;38;1293;13;2650;5;222;11;10205205;93;297922;250;15024;14;59;100;-4;0;1
353;https://twitchy.com/dougp-3137/2022/01/15/jen-psaki-says-president-biden-has-been-made-aware-of-the-hostage-situation-in-the-dallas-area/;6;0;0;1;2;330;17;100;36;51;8;1;1;75;46;65;8;3909;1508;195;0;6;140;400888;23;921;0;1705;0;363;49;43712864;69;148519;222;99744;-133;73;70;29;0;1
354;https://twitchy.com/brettt-3136/2022/01/15/cnns-bakari-sellers-and-others-seem-upset-that-gov-glenn-youngkin-banned-crt-which-doesnt-exist/;8;3;1;1;2;313;6;97;37;48;8;1;1;76;47;64;7;3602;1741;789;789;6;137;385829;5;1063;0;1527;0;460;39;169464420;68;170034;172;99744;-712;71;0;34;0;1
355;https://twitchy.com/brettt-3136/2022/01/15/wajahat-ali-already-prepping-for-ugly-and-vicious-islamophobia-and-anti-muslim-bigotry-this-weekend/;21;7;2;1;2;342;29;127;37;51;8;1;1;75;45;65;8;6401;3137;2087;1251;6;167;426751;84;770;1;2379;0;349;39;58085871;69;188685;290;99744;-208;72;70;8;0;1
356;https://twitchy.com/brettt-3136/2022/01/15/man-holding-hostages-at-texas-synagogue-reportedly-brother-of-lady-al-qaeda-aafia-siddiqui/;5;1;0;1;2;326;13;104;37;51;8;1;1;75;47;65;8;4074;1643;601;443;6;144;396645;23;842;18;1661;0;349;39;62168196;69;136204;206;99744;-215;73;70;31;0;1
357;https://twitchy.com/brettt-3136/2022/01/15/incoming-virginia-attorney-general-jason-miyares-cleans-house-reportedly-fires-entire-civil-rights-division/;8;1;0;1;2;340;27;99;37;51;8;1;1;77;44;65;8;3681;1681;641;641;6;139;414251;28;1020;3;2252;0;363;49;169860203;70;156501;273;99744;-717;73;70;11;0;2
358;https://twitchy.com/brettt-3136/2022/01/15/sen-kirsten-gillibrand-to-do-better-after-getting-caught-blowing-past-a-mask-required-to-enter-sign/;10;1;0;1;2;339;27;102;37;51;8;1;1;76;45;65;8;3503;1399;367;367;6;142;413771;32;1041;18;2574;0;354;88;50394732;72;133634;271;99744;-177;72;70;13;0;2
359;https://twitchy.com/brettt-3136/2022/01/15/rolling-stone-portland-police-riot-training-included-slide-on-brutalizing-dirty-hippies/;19;5;1;1;2;343;30;135;37;51;8;1;1;76;45;65;8;3975;1293;234;234;6;175;426672;87;1066;18;2582;0;349;39;9208467;69;160128;293;99744;9;72;70;6;0;2
360;https://twitchy.com/brettt-3136/2022/01/15/the-new-republic-notes-that-even-the-confederacy-embraced-non-citizen-voting/;25;6;4;1;2;349;36;139;37;51;8;1;1;75;44;65;8;6109;2969;1652;968;6;179;436688;109;1154;18;3071;0;349;39;13327037;69;169493;319;99744;-17;72;70;-3;0;2
361;https://twitchy.com/brettt-3136/2022/01/15/washington-department-of-health-rips-off-marvel-to-point-out-that-wearing-a-mask-makes-you-a-superhero/;12;2;0;1;2;336;23;96;37;51;8;1;1;75;41;65;8;3537;1446;414;223;6;136;407834;27;924;18;2217;0;349;39;50319367;70;140523;256;99744;-171;73;70;18;0;2
362;https://twitchy.com/brettt-3136/2022/01/15/steve-schmidt-says-kevin-mccarthy-is-among-the-most-villainous-figures-in-the-history-of-the-american-republic/;7;0;0;1;2;361;27;103;37;53;8;1;1;75;46;65;8;4429;2304;905;718;6;141;415971;31;966;18;2329;0;349;39;16663924;69;140354;271;99744;-21;73;70;14;0;2
363;https://twitchy.com/dougp-3137/2022/01/15/cnns-oliver-darcy-wishes-more-media-would-point-out-oann-spreads-misinformation-as-projection-detectors-explode/;14;0;3;1;2;327;14;98;38;51;8;1;1;77;41;65;8;4022;1485;203;203;6;138;398136;21;875;0;1453;0;349;39;49823792;70;146646;195;99744;-158;73;70;30;0;2
364;https://twitchy.com/dougp-3137/2022/01/15/gov-ron-desantis-response-to-wapo-writer-editor-calling-his-covid-response-criminal-is-perfection/;10;1;1;1;2;325;12;99;37;51;8;1;1;77;44;65;8;3636;1253;227;227;6;139;394972;16;817;0;1472;0;349;39;55098982;70;125178;190;99744;-180;74;70;37;0;2
365;https://trendingpolitics.com/us-vs-the-industry-how-bryson-gray-plans-to-combat-pop-culture/?utm_source=economics;52;26;4;1;7;298;14;114;39;102;8;29;5;104;41;60;37;10066;8164;7194;6444;2;134;300798;44;1308;0;1548;2;322;235;47798541;55;263511;268;0;-152;82;100;36;0;2
366;https://trendingpolitics.com/sjw-maddness-wheres-our-reparations-suspect-in-burger-king-murder-demands-social-justice-ethom/?utm_source=economics;42;3;1;1;7;299;12;120;39;115;8;29;5;107;40;60;38;5542;3227;2761;1688;2;140;297174;30;1611;0;1999;0;369;253;5346870;57;213081;272;0;36;94;100;42;0;1
367;https://welovetrump.com/2022/01/14/boosters-for-life-a-canadian-doctor-explains-what-the-3-vaxx-shots-do-to-the-human-body/?utm_source=PTN&utm_medium=mixed&utm_campaign=PTN;75;4;1;1;2;580;10;199;66;79;15;20;4;112;38;78;28;8230;4784;4277;4082;0;200;449092;27;1460;0;3739;1;599;234;33740612;92;244717;385;46212;-110;59;0;-10;0;1
368;https://100percentfedup.com/are-you-a-fed-man-who-was-allegedly-armed-and-wearing-an-earpiece-at-capitol-on-jan-6-is-confronted-in-parking-lot-by-man-recently-charged-for-being-inside-capitol-video/;45;11;1;2;5;250;23;131;51;45;11;30;3;92;22;46;19;9250;8044;6548;4606;0;155;251247;49;1720;25;2872;0;520;69;8984058;65;376015;326;36200;9;71;-100;11;0;1
369;https://apnews.com/article/coronavirus-pandemic-novak-djokovic-sports-health-australia-2ca1c31f867c05a49e66a8b8f8849477;18;11;11;1;0;698;12;173;8;350;20;10;0;47;56;26;58;12858;9903;8007;6870;1;133;749099;48;1776;0;2243;0;96;6;3431403;78;231601;221;0;41;94;100;3;1;5
370;https://apnews.com/article/coronavirus-pandemic-science-health-pandemics-dc99bc9f769dd6d7cb669e3d185c6261;19;14;4;1;0;711;13;162;11;350;20;10;0;49;42;28;58;11880;9341;7965;6853;3;131;739027;36;554;1;2345;0;96;7;3349484;83;308345;291;0;40;95;100;-25;1;5
371;https://apnews.com/article/middle-east-israel-benjamin-netanyahu-tel-aviv-6a5a53b6ae927557ccf28d72648c8238;22;1;9;1;0;690;12;150;11;339;21;10;0;48;42;28;54;9192;6863;6419;5449;1;133;660004;22;1760;0;2127;0;99;6;3557887;82;226024;235;0;36;71;0;0;1;5
372;https://apnews.com/article/technology-business-europe-russia-ukraine-404c5e751709fba66b31fd512f734d80;23;6;8;1;0;723;11;162;10;350;22;11;0;46;44;26;60;10422;7675;7130;5879;1;133;730377;24;1825;0;2407;0;104;6;3772625;88;307469;249;0;34;82;100;-16;1;5
373;https://www.economist.com/china/2022/01/13/xi-jinpings-job-is-safe-but-chinas-leadership-is-being-shaken-up;0;1;2;1;10;116;6;107;11;91;5;2;1;53;50;18;21;2641;1497;1256;1256;1;49;213588;14;682;0;2123;0;87;23;3118960;46;43457;193;0;48;96;70;37;1;5
374;https://www.economist.com/the-americas/2022/01/15/the-pandemic-has-accelerated-latin-americas-startup-boom;0;0;0;1;10;116;6;107;11;91;5;2;1;51;49;16;21;2456;1195;954;954;1;47;208276;15;682;0;2147;0;87;23;2938053;46;39066;187;0;50;96;70;39;1;5
375;https://www.economist.com/united-states/2022/01/15/america-resorts-to-remote-learning-against-pupils-interests;6;0;4;1;10;124;6;107;12;91;7;2;1;55;49;15;22;2064;854;613;613;1;58;202325;15;682;0;1935;0;87;23;3230114;48;38653;179;0;49;96;70;52;1;5
376;https://www.economist.com/middle-east-and-africa/2022/01/15/small-bands-of-mercenaries-extend-russias-reach-in-africa;0;1;2;1;10;116;5;107;11;91;5;2;1;54;49;18;21;2339;1503;1262;1113;1;49;199145;15;683;0;2116;0;87;23;3088843;46;39108;188;0;49;96;70;39;1;5
377;https://www.economist.com/middle-east-and-africa/2022/01/13/why-more-arabs-are-embracing-pedal-power;0;2;5;1;10;124;6;107;12;91;7;2;1;55;49;16;22;1981;1084;843;843;1;47;195479;15;682;0;2129;0;87;23;3105359;46;38923;195;0;49;96;70;39;1;5
378;https://www.economist.com/leaders/2022/01/15/hindu-bigots-are-openly-urging-indians-to-murder-muslims;0;2;1;1;10;116;6;108;11;91;5;2;1;53;49;18;21;2128;1197;956;796;1;50;192973;14;682;0;1975;0;87;23;3088365;49;38808;185;0;48;96;70;48;1;5
379;https://www.economist.com/united-states/2022/01/15/as-austin-thrives-as-a-tech-hub-will-it-avoid-san-franciscos-problems;5;0;4;1;10;116;6;107;11;91;5;2;1;51;49;15;21;2193;994;753;578;1;58;198446;15;683;0;2102;0;87;23;3184493;46;40763;192;0;47;96;70;35;1;5
380;https://www.economist.com/united-states/2022/01/15/joe-biden-was-set-up-to-fail;7;2;4;1;10;119;6;109;12;93;5;2;1;51;50;15;21;2572;1231;990;990;1;60;203909;15;695;0;2229;0;87;23;3070444;46;39350;190;0;49;96;70;34;1;5
381;https://www.economist.com/united-states/2022/01/15/as-violent-crime-leaps-liberal-cities-rethink-cutting-police-budgets;8;1;2;1;10;116;6;107;11;91;5;2;1;51;49;15;21;2317;1196;955;787;1;58;201153;15;683;0;2205;0;87;23;3160150;46;38836;194;0;47;96;70;37;1;5
382;https://www.economist.com/united-states/2022/01/15/more-diverse-appointments-are-set-to-reshape-americas-judiciary;7;0;6;1;10;124;6;107;12;91;7;2;1;55;50;15;22;2469;1265;1024;1024;1;58;194383;15;682;1;1956;0;87;23;3280398;49;43316;189;0;49;96;70;47;1;5
383;https://www.axios.com/texas-synagogue-hostage-standoff-39d69e8d-3a3d-4e15-be45-2e7378809107.html;14;9;4;1;31;561;0;207;2;68;55;133;23;38;38;23;11;6742;5325;3245;1646;0;226;491079;77;1819;14;295;3;31;70;898749;11;0;57;0;86;88;100;88;1;4
384;https://www.axios.com/tsunami-waves-tonga-8f88a5e3-bb67-4b23-93c2-3d2abc51d20b.html;14;10;3;1;31;559;0;204;2;67;55;133;23;38;38;22;11;5882;4539;2221;757;0;222;472777;77;1753;14;301;3;31;70;946504;11;0;55;0;87;88;100;90;1;4
385;https://www.axios.com/nyc-employers-specify-salary-ranges-9a071aca-78a8-4c7b-a05d-e6276ee966e0.html;13;10;5;1;31;559;0;205;3;68;55;133;23;38;38;22;11;4887;3570;1640;776;0;223;472411;75;1750;14;277;3;31;70;779895;11;0;53;0;87;88;100;92;1;4
386;https://www.axios.com/martin-luther-king-arizona-voting-rights-bills-28ff5a05-a66d-46b3-b211-c17e96a1cb27.html;13;9;4;1;31;563;1;206;3;67;55;133;23;38;38;31;11;5068;3736;1642;437;0;233;477928;74;1773;3;454;3;31;70;1528498;17;56972;81;0;78;76;100;75;1;4
387;https://www.axios.com/former-haitian-senator-arrested-jamaica-42cd57b3-28e5-4cdb-9076-3b26dafdd46b.html;14;9;3;1;31;559;0;202;4;67;55;133;23;38;38;22;11;4829;3646;1425;528;0;220;468995;75;1741;14;277;3;31;70;1318228;11;0;56;0;87;88;100;89;1;4
388;https://www.axios.com/the-beauty-business-turns-to-augmented-reality-22256e51-1158-4db9-8d8e-5fc26b550191.html;14;15;3;1;31;570;0;211;2;68;55;133;23;39;38;22;12;6304;4907;2447;1384;0;228;491066;78;1767;14;284;8;31;70;13599646;11;0;58;0;38;74;100;87;1;4
389;https://www.axios.com/biden-putin-russia-invade-ukraine-europe-nato-d2abed69-8ae0-4f91-93bc-e3a24a681cb5.html;15;12;9;1;32;574;0;205;2;70;56;140;24;38;38;22;11;6738;5430;2872;1485;1;222;485661;82;1806;14;327;3;31;70;1127123;11;0;58;0;86;88;100;87;1;4
390;https://www.axios.com/novak-djokovic-australia-visa-ecaa418a-431e-473a-b547-8c474ec35ff6.html;13;11;10;1;32;574;0;204;4;68;56;140;24;38;38;23;11;4890;3737;1432;712;0;223;479034;76;1778;14;302;3;31;70;742742;11;0;58;0;86;88;100;88;1;4
391;https://www.axios.com/local/austin/2022/01/14/university-of-texas-football-hire-tcu-rival-coach;0;0;0;0;4;47;3;39;2;29;1;0;0;42;40;15;1;0;0;0;0;0;29;59971;4;461;0;570;0;3;7;1381912;31;39920;100;0;89;99;100;67;1;4
392;https://www.axios.com/local/austin/2022/01/14/exhibit-contemporary-black-artists-austin-blanton;0;0;0;0;4;47;3;39;2;29;1;0;0;42;40;15;1;0;0;0;0;0;29;61710;4;499;0;626;0;3;7;1206487;31;39943;98;0;88;99;100;67;1;4
393;https://www.axios.com/local/austin/2022/01/13/rosens-bagel-co-opens-austin-brick-and-mortar;0;0;0;0;4;47;3;39;2;29;1;0;0;42;40;15;1;0;0;0;0;0;29;60721;4;506;0;708;0;3;7;1284110;31;39943;99;0;87;99;100;67;1;4
394;https://www.axios.com/local/austin/2022/01/13/austins-blood-bank-seeks-donations-amid-nationwide-shortage;0;0;0;0;4;47;3;39;2;29;1;0;0;42;40;15;1;0;0;0;0;0;29;60358;4;489;0;607;0;3;7;1204837;31;39943;97;0;88;99;100;68;1;4
395;https://www.axios.com/local/austin/2022/01/12/texas-regulatory-oil-gas-sues-defamation;0;0;0;0;4;47;3;39;2;29;1;0;0;42;40;15;1;0;0;0;0;0;29;67654;4;589;0;905;0;81;18;1563323;35;59652;119;0;80;99;100;63;1;4
396;https://www.axios.com/local/austin/2022/01/10/rejected-texas-plates-biden;0;0;0;0;4;47;3;39;2;29;1;0;0;42;40;15;1;0;0;0;0;0;29;57071;4;477;0;586;0;3;7;1202732;31;39943;100;0;88;99;100;66;1;4
397;https://www.axios.com/local/austin/2022/01/06/jan-6-insurrection-austin-texas-lloyd-doggett;0;0;0;0;4;47;3;39;2;29;1;0;0;42;40;15;1;0;0;0;0;0;29;67400;4;487;0;624;0;3;7;1281732;31;39943;103;0;88;99;100;67;1;4
398;https://www.pbs.org/newshour/show/u-s-supreme-court-blocks-bidens-vaccine-mandate-for-large-companiesmandates-at-the-court;8;4;4;1;9;198;5;175;45;86;16;12;4;35;34;26;0;5124;3248;2500;1459;15;174;195790;85;1260;0;1704;0;162;581;82321991;39;217737;128;0;-323;39;95;28;1;4
399;https://www.pbs.org/newshour/economy/december-retail-sales-slide-1-9-amid-shortages-omicron;6;1;1;1;6;139;4;148;39;81;16;12;4;31;43;24;0;3179;1769;1654;1115;11;153;174853;48;1056;0;1053;0;97;564;3442630;27;121633;99;0;39;41;95;34;1;4
400;https://www.pbs.org/newshour/health/overdose-deaths-hit-a-historic-high-in-2020-frustrated-experts-say-these-strategies-could-save-lives;7;16;8;1;9;147;5;169;43;85;16;12;4;33;43;26;0;11339;9520;8838;7794;11;176;194387;83;1143;0;994;0;97;564;3617406;27;123400;100;0;39;41;95;34;1;4
401;https://www.pbs.org/newshour/world/cyberattack-in-ukraine-targets-government-websites;12;2;5;1;6;139;4;149;39;83;16;12;4;33;43;26;0;5963;4313;3922;3568;11;156;181086;70;1084;0;979;0;97;564;3408511;27;122225;98;0;40;41;95;34;1;4
402;https://www.marketwatch.com/story/get-ready-for-the-climb-heres-what-history-says-about-stock-market-returns-during-fed-rate-hike-cycles-11642248640?mod=home-page;9;14;13;2;4;273;5;312;11;133;27;5;0;74;60;23;5;6429;3940;2783;1841;0;221;387919;37;1409;15;1572;0;180;16;2623492;38;547105;98;0;63;97;100;61;1;5
403;https://www.marketwatch.com/story/what-a-russian-invasion-of-ukraine-would-mean-for-markets-11642185717?mod=home-page;5;9;9;2;4;243;5;251;10;83;27;5;0;76;60;25;5;6518;4881;3401;2555;1;221;372865;23;1024;0;1400;0;193;16;2800666;40;655481;101;0;63;97;100;59;1;5
404;https://www.marketwatch.com/story/this-years-income-tax-filing-season-starts-jan-24-and-the-irs-says-its-going-to-be-a-frustrating-one-11641835408?mod=home-page;7;5;5;2;4;215;5;223;9;62;27;4;0;73;60;23;5;7043;6207;4738;3326;0;219;332220;22;960;15;1399;0;180;16;2476901;37;516252;94;0;67;97;100;61;1;5
405;https://en.wikipedia.org/wiki/Krak%C3%B3w;26;18;22;1;20;433;0;2736;134;1717;2;10;1;6;18;303;19;48785;28015;18822;13809;260;358;780800;119;8876;26;1515;0;85;9;1730668;4;38518;139;0;44;100;100;40;1;5
406;https://en.wikipedia.org/wiki/Auschwitz_concentration_camp;20;39;49;1;12;459;0;3147;69;1339;2;7;1;6;18;206;18;84644;59187;41953;31173;39;231;769745;118;8860;27;1562;0;83;9;1388118;4;39657;90;0;51;100;100;71;1;5
407;https://en.wikipedia.org/wiki/Elie_Wiesel;40;11;19;1;13;131;0;1487;18;933;2;7;1;6;18;141;14;22085;10660;7511;4888;135;234;413532;61;4522;16;672;0;65;7;466444;3;25766;34;0;86;100;100;93;1;5
408;https://www.aljazeera.com/news/2022/1/16/australia-court-rules-novak-djokovic-to-be-deported;2;0;14;1;8;180;10;66;14;66;14;4;0;74;32;191;18;6655;5234;3584;2080;15;162;528042;37;1607;0;2564;1;201;711;4149159;68;220332;210;0;32;13;100;40;1;4
409;https://www.aljazeera.com/news/2022/1/16/somalia-government-spokesman-wounded-in-blast-in-capital-reports;0;2;3;1;7;162;9;63;13;62;14;4;0;74;32;191;18;3921;2755;1889;874;15;162;456852;23;1048;18;1861;1;196;711;3477131;56;212242;146;0;41;26;100;46;1;4
410;https://www.aljazeera.com/news/2022/1/16/tonga-volcano-eruption-caused-significant-damage-says-ardern;5;1;7;1;6;237;4;61;16;141;36;4;0;54;25;191;19;5920;4863;3538;2138;15;162;531527;38;898;0;2102;11;159;717;3610948;57;239968;126;0;43;-2;100;48;1;4
411;https://www.aljazeera.com/news/2022/1/16/man-takes-hostages-at-texas-synagogue;4;2;7;1;8;175;6;62;15;65;14;4;0;74;32;191;18;6094;4720;3082;1371;15;162;509285;35;648;0;1726;1;99;701;3503614;58;215573;180;0;47;27;100;44;1;4
412;https://www.aljazeera.com/news/2022/1/16/sudan-pro-democracy-group-to-take-part-in-un-brokered-talks;8;0;3;1;6;162;11;66;13;64;14;4;0;75;32;193;18;3400;2402;1244;733;15;164;460988;20;1017;0;1698;1;196;711;3174001;55;176753;129;0;49;27;100;54;1;4
413;https://www.aljazeera.com/news/2022/1/15/lebanon-hezbollah-amal-to-end-boycott-of-cabinet-sessions;0;1;5;1;6;159;7;64;13;60;14;4;0;72;32;191;18;2820;1777;1192;696;15;162;466321;17;575;0;1362;1;99;701;2366775;49;175500;116;0;60;28;100;58;1;4
414;https://www.aljazeera.com/news/2022/1/15/jamaica-arrests-former-haiti-senator-wanted-in-leaders-killing;0;0;6;1;6;160;7;63;13;60;14;4;0;73;32;191;18;4272;2960;2231;1752;15;162;459986;20;577;0;1302;1;99;701;2213485;49;175141;112;0;62;28;100;58;1;4
